fsq_id,latitude,longitude,category_group
1,40.659104,-73.966131,restaurants
2,40.665707,-73.98237,restaurants
3,40.67527,-73.96026,bars_&_clubs
4,40.675147,-73.96684,bars_&_clubs
5,40.66775,-73.98129,restaurants
6,40.672373,-73.95775,bars_&_clubs
7,40.679882,-73.965148,restaurants
8,40.594639,-73.981354,restaurants
9,40.680664,-73.968144,retail_&_shopping
10,40.679692,-73.982193,bars_&_clubs
11,40.678538,-73.986989,restaurants
12,40.673897,-73.999105,bars_&_clubs
13,40.682219,-73.986435,cultural
14,40.689488,-73.972389,restaurants
15,40.676084,-73.980046,entertainment_&_leisure
16,40.67372,-73.991728,bars_&_clubs
17,40.6882,-73.986539,restaurants
18,40.688595,-73.941757,restaurants
19,40.677299,-74.018646,bars_&_clubs
20,40.68875,-73.9921,restaurants
21,40.688551,-73.983543,restaurants
22,40.684362,-73.996857,restaurants
23,40.6768,-74.013218,retail_&_shopping
24,40.697725,-73.926923,restaurants
25,40.677519,-74.01848,restaurants
26,40.668838,-73.984908,entertainment_&_leisure
27,40.677969,-73.996038,restaurants
28,40.690626,-73.996493,restaurants
29,40.686452,-73.98538,restaurants
30,40.690308,-73.996306,restaurants
31,40.703297,-73.918103,restaurants
32,40.678359,-73.96365,restaurants
33,40.690159,-73.981904,retail_&_shopping
34,40.687975,-73.992855,restaurants
35,40.714348,-73.936501,bars_&_clubs
36,40.715006,-73.958304,restaurants
37,40.716151,-73.963848,restaurants
38,40.708155,-73.940236,bars_&_clubs
39,40.708769,-73.925248,restaurants
40,40.715851,-73.966978,bars_&_clubs
41,40.709151,-73.937263,bars_&_clubs
42,40.698431,-73.993005,restaurants
43,40.709803,-73.951208,restaurants
44,40.689395,-73.986237,restaurants
45,40.718677,-73.948101,bars_&_clubs
46,40.71202,-73.950988,entertainment_&_leisure
47,40.709898,-73.962509,restaurants
48,40.655407,-74.01106,restaurants
49,40.716073,-73.964761,restaurants
50,40.700471,-73.987369,bars_&_clubs
51,40.718027,-73.950215,bars_&_clubs
52,40.725659,-73.945139,restaurants
53,40.713948,-73.955877,bars_&_clubs
54,40.701629,-73.986411,restaurants
55,40.689613,-73.988121,restaurants
56,40.726112,-73.952403,restaurants
57,40.676000194096986,-74.01420593261717,restaurants
58,40.727878,-73.956967,restaurants
59,40.73241,-73.954915,retail_&_shopping
60,40.656034,-74.006414,restaurants
61,40.724697,-73.954924,restaurants
62,40.680734,-73.949481,restaurants
63,40.723244,-73.952773,entertainment_&_leisure
64,40.713913,-73.952806,bars_&_clubs
65,40.72835560854128,-73.9571502839267,restaurants
66,40.72968,-73.958181,restaurants
67,40.731406,-73.958151,bars_&_clubs
68,40.575307,-73.981426,restaurants
69,40.733967,-73.955194,restaurants
70,40.713848,-73.949182,restaurants
71,40.71497,-73.951581,restaurants
72,40.692513,-73.98457,restaurants
73,40.722314,-73.959285,restaurants
74,40.578254,-73.960043,retail_&_shopping
75,40.713963,-73.948924,entertainment_&_leisure
76,40.716991,-73.954671,bars_&_clubs
77,40.732009,-73.959834,retail_&_shopping
78,40.632025,-74.012877,restaurants
79,40.632309,-73.948625,restaurants
80,40.728843,-73.957179,bars_&_clubs
81,40.604332,-73.971907,restaurants
82,40.688004,-73.979857,restaurants
83,40.677357,-73.972857,entertainment_&_leisure
84,40.669575,-73.979574,restaurants
85,40.599278,-73.989024,restaurants
86,40.683659,-73.975021,restaurants
87,40.598084,-73.961462,restaurants
88,40.725783,-73.940516,restaurants
89,40.726149,-73.940923,restaurants
90,40.667789,-73.983821,bars_&_clubs
91,40.707092,-73.921388,bars_&_clubs
92,40.719174,-73.961739,bars_&_clubs
93,40.713145,-73.957316,bars_&_clubs
94,40.68302,-73.940584,bars_&_clubs
95,40.729689,-73.957823,bars_&_clubs
96,40.708816,-73.957847,bars_&_clubs
97,40.681329,-73.97746,bars_&_clubs
98,40.67792,-73.985918,bars_&_clubs
99,40.697965,-73.928023,bars_&_clubs
100,40.687063,-73.974761,restaurants
101,40.711047,-73.965134,bars_&_clubs
102,40.710668,-73.922789,bars_&_clubs
103,40.67905,-73.958007,entertainment_&_leisure
104,40.707903,-73.955717,restaurants
105,40.711122,-73.966359,bars_&_clubs
106,40.678022,-73.982172,bars_&_clubs
107,40.720951,-73.957835,bars_&_clubs
108,40.711374,-73.963008,bars_&_clubs
109,40.712841,-73.9666,bars_&_clubs
110,40.722301,-73.957756,bars_&_clubs
111,40.691568,-73.951554,bars_&_clubs
112,40.647535,-73.915042,bars_&_clubs
113,40.630225,-73.947978,bars_&_clubs
114,40.641924,-73.929515,bars_&_clubs
115,40.651745,-73.933026,bars_&_clubs
116,40.649726,-73.929942,bars_&_clubs
117,40.646666,-73.977721,bars_&_clubs
118,40.610772,-73.9623,bars_&_clubs
119,40.663945,-73.95446,bars_&_clubs
120,40.608054,-73.973212,bars_&_clubs
121,40.605122,-73.972097,bars_&_clubs
122,40.600741,-73.94071,bars_&_clubs
123,40.624073,-73.994309,bars_&_clubs
124,40.675655,-73.955958,bars_&_clubs
125,40.661724,-73.992826,bars_&_clubs
126,40.678533,-73.947128,bars_&_clubs
127,40.67811,-73.938739,bars_&_clubs
128,40.679212,-73.949946,bars_&_clubs
129,40.670602,-73.985457,bars_&_clubs
130,40.673855,-73.98275,bars_&_clubs
131,40.658656,-73.897938,bars_&_clubs
132,40.678708,-73.924371,bars_&_clubs
133,40.65327,-74.012327,bars_&_clubs
134,40.631191,-74.021689,bars_&_clubs
135,40.675098,-73.901909,bars_&_clubs
136,40.691621,-73.9516,bars_&_clubs
137,40.620179,-74.024429,bars_&_clubs
138,40.675627,-73.889981,bars_&_clubs
139,40.694737,-73.929777,bars_&_clubs
140,40.696024,-73.934101,restaurants
141,40.682352,-74.007333,bars_&_clubs
142,40.700264,-73.946958,entertainment_&_leisure
143,40.696158,-73.904615,bars_&_clubs
144,40.707944,-73.946118,bars_&_clubs
145,40.708428,-73.938064,bars_&_clubs
146,40.708277,-73.923484,bars_&_clubs
147,40.710105,-73.933586,bars_&_clubs
148,40.71153,-73.959217,bars_&_clubs
149,40.71549,-73.9341,bars_&_clubs
150,40.717431,-73.958354,bars_&_clubs
151,40.717399,-73.96359,bars_&_clubs
152,40.72675,-73.952777,bars_&_clubs
153,40.726449,-73.937792,bars_&_clubs
154,40.731138,-73.954081,bars_&_clubs
155,40.627757,-73.92741,bars_&_clubs
156,40.599729,-73.974369,entertainment_&_leisure
157,40.65855,-73.996581,bars_&_clubs
158,40.686186,-73.973287,bars_&_clubs
159,40.694187,-73.948383,bars_&_clubs
160,40.709925,-73.962734,bars_&_clubs
161,40.711412,-73.947517,bars_&_clubs
162,40.714264,-73.955788,bars_&_clubs
163,40.715025,-73.95154,bars_&_clubs
164,40.715631,-73.949032,bars_&_clubs
165,40.656818,-73.968963,landmarks
166,40.660798,-73.965281,landmarks
167,40.660706,-73.968678,landmarks
168,40.661865,-73.969682,parks_&_outdoor
169,40.666325,-73.96208,parks_&_outdoor
170,40.66851648455534,-73.9645478253737,landmarks
171,40.668798,-73.970431,landmarks
172,40.669439,-73.962607,parks_&_outdoor
173,40.66762,-73.962101,landmarks
174,40.673187,-73.967549,parks_&_outdoor
175,40.660952,-73.963543,parks_&_outdoor
176,40.66261,-73.972022,parks_&_outdoor
177,40.673564,-73.94345,parks_&_outdoor
178,40.663415,-73.978156,parks_&_outdoor
179,40.668856,-73.968253,parks_&_outdoor
180,40.665589,-73.971483,parks_&_outdoor
181,40.672204,-73.983994,parks_&_outdoor
182,40.67664,-73.965459,parks_&_outdoor
183,40.679693,-73.984156,entertainment_&_leisure
184,40.68842,-73.966395,parks_&_outdoor
185,40.69177,-73.964125,cultural
186,40.69177563832657,-73.97558212280273,parks_&_outdoor
187,40.66976,-73.950673,parks_&_outdoor
188,40.65047,-73.976562,parks_&_outdoor
189,40.689662,-73.998243,parks_&_outdoor
190,40.629042,-73.884898,parks_&_outdoor
191,40.679784,-73.968808,parks_&_outdoor
192,40.68981509781854,-73.94682884216309,parks_&_outdoor
193,40.572639,-73.978581,parks_&_outdoor
194,40.671159,-73.936643,parks_&_outdoor
195,40.697405,-73.997022,parks_&_outdoor
196,40.68135,-73.994601,parks_&_outdoor
197,40.691767,-74.000159,parks_&_outdoor
198,40.699901911003046,-73.97324323654175,landmarks
199,40.685048,-73.919072,parks_&_outdoor
200,40.670963,-73.962056,parks_&_outdoor
201,40.677605,-74.017306,parks_&_outdoor
202,40.623083,-74.030513,parks_&_outdoor
203,40.667161,-73.972843,parks_&_outdoor
204,40.714812,-73.967506,parks_&_outdoor
205,40.696312,-73.99759,parks_&_outdoor
206,40.703503,-73.990891,parks_&_outdoor
207,40.720981,-73.960717,parks_&_outdoor
208,40.720855,-73.961411,parks_&_outdoor
209,40.72447,-73.943216,parks_&_outdoor
210,40.729988,-73.96076,parks_&_outdoor
211,40.721899,-73.960709,parks_&_outdoor
212,40.681124,-73.97309,parks_&_outdoor
213,40.690162,-73.973791,parks_&_outdoor
214,40.698442,-73.990605,parks_&_outdoor
215,40.68486,-73.988458,parks_&_outdoor
216,40.704341,-73.989833,parks_&_outdoor
217,40.681901,-73.889167,parks_&_outdoor
218,40.692345,-73.998698,parks_&_outdoor
219,40.723003,-73.94364,parks_&_outdoor
220,40.67768,-74.00863,parks_&_outdoor
221,40.702979,-73.923981,parks_&_outdoor
222,40.66128,-73.989321,parks_&_outdoor
223,40.703385,-73.989272,parks_&_outdoor
224,40.696624,-73.986084,parks_&_outdoor
225,40.697508,-73.977305,parks_&_outdoor
226,40.672957,-73.986073,parks_&_outdoor
227,40.677041,-73.978557,parks_&_outdoor
228,40.684604,-73.989931,parks_&_outdoor
229,40.675259,-73.962658,parks_&_outdoor
230,40.700826,-73.996153,landmarks
231,40.713166,-73.968576,parks_&_outdoor
232,40.631377,-74.038427,parks_&_outdoor
233,40.700426,-73.995003,parks_&_outdoor
234,40.710585,-73.960272,parks_&_outdoor
235,40.681552,-73.959194,parks_&_outdoor
236,40.6411,-73.974323,parks_&_outdoor
237,40.68563,-73.971913,parks_&_outdoor
238,40.583335,-73.921026,parks_&_outdoor
239,40.725323,-73.943598,parks_&_outdoor
240,40.698865,-73.970988,retail_&_shopping
241,40.705866,-73.947173,parks_&_outdoor
242,40.694162,-73.999293,parks_&_outdoor
243,40.650467,-73.966668,parks_&_outdoor
244,40.657722,-73.967429,parks_&_outdoor
245,40.667813,-73.964942,parks_&_outdoor
246,40.669439,-73.962607,landmarks
247,40.680679,-73.969584,parks_&_outdoor
248,40.645518,-74.023873,parks_&_outdoor
249,40.692335,-73.977191,parks_&_outdoor
250,40.681204,-74.013829,parks_&_outdoor
251,40.701104,-73.989881,parks_&_outdoor
252,40.709158,-73.969206,parks_&_outdoor
253,40.703474,-73.995952,parks_&_outdoor
254,40.605405,-74.048466,landmarks
255,40.716388,-73.922656,landmarks
256,40.719747,-73.962503,parks_&_outdoor
257,40.723482,-73.937809,landmarks
258,40.733391,-73.940414,landmarks
259,40.660889,-73.961884,retail_&_shopping
260,40.676085,-73.972022,retail_&_shopping
261,40.686204,-73.97464,retail_&_shopping
262,40.687188,-73.976118,retail_&_shopping
263,40.674879,-73.988721,retail_&_shopping
264,40.675172,-73.977917,retail_&_shopping
265,40.674769,-73.976855,retail_&_shopping
266,40.677383,-73.95585,retail_&_shopping
267,40.670674,-73.954763,retail_&_shopping
268,40.691258,-73.983125,retail_&_shopping
269,40.679152,-73.964248,retail_&_shopping
270,40.656744,-73.977722,retail_&_shopping
271,40.610151,-74.001121,retail_&_shopping
272,40.659413,-74.004462,retail_&_shopping
273,40.654892,-73.868857,retail_&_shopping
274,40.668764,-73.979673,retail_&_shopping
275,40.686373,-73.978354,retail_&_shopping
276,40.689498,-73.992543,retail_&_shopping
277,40.65202,-73.871541,retail_&_shopping
278,40.59345,-73.999374,retail_&_shopping
279,40.717287,-73.961709,retail_&_shopping
280,40.684877,-73.986076,restaurants
281,40.631554,-73.946635,retail_&_shopping
282,40.698765,-73.978663,retail_&_shopping
283,40.718638,-73.96163,retail_&_shopping
284,40.716815,-73.961211,retail_&_shopping
285,40.592541,-73.997161,retail_&_shopping
286,40.715612,-73.959811,retail_&_shopping
287,40.716206,-73.959791,retail_&_shopping
288,40.717909,-73.964658,retail_&_shopping
289,40.64477,-73.980088,retail_&_shopping
290,40.585265,-73.949563,retail_&_shopping
291,40.690937,-73.983025,retail_&_shopping
292,40.686205,-73.978566,retail_&_shopping
293,40.67970234842723,-73.94440412521362,retail_&_shopping
294,40.713508,-73.959861,retail_&_shopping
295,40.693255,-73.965055,retail_&_shopping
296,40.650552,-73.959523,retail_&_shopping
297,40.702227,-73.99023,retail_&_shopping
298,40.684352,-73.995243,retail_&_shopping
299,40.685674,-73.978283,retail_&_shopping
300,40.67613,-73.958331,retail_&_shopping
301,40.588191,-73.960905,retail_&_shopping
302,40.589558,-73.952122,retail_&_shopping
303,40.676201,-73.963741,retail_&_shopping
304,40.711238,-73.968065,retail_&_shopping
305,40.59335,-74.001068,retail_&_shopping
306,40.655674,-74.009153,retail_&_shopping
307,40.653028,-73.870096,retail_&_shopping
308,40.659245,-74.004424,retail_&_shopping
309,40.698076,-73.909573,retail_&_shopping
310,40.591127,-73.939777,retail_&_shopping
311,40.619801,-74.032298,retail_&_shopping
312,40.671999,-74.01137,retail_&_shopping
313,40.605165,-73.978456,retail_&_shopping
314,40.688844,-73.96266,retail_&_shopping
315,40.700584,-73.910584,retail_&_shopping
316,40.696033,-73.993957,retail_&_shopping
317,40.683863,-73.975465,retail_&_shopping
318,40.687073,-73.966386,retail_&_shopping
319,40.675848,-73.912271,retail_&_shopping
320,40.656467,-73.949944,retail_&_shopping
321,40.67718,-73.969404,retail_&_shopping
322,40.694863,-73.995351,retail_&_shopping
323,40.654672,-73.956588,retail_&_shopping
324,40.587275,-73.954951,retail_&_shopping
325,40.668785,-73.984863,retail_&_shopping
326,40.617191,-73.909458,retail_&_shopping
327,40.581678,-73.988725,retail_&_shopping
328,40.715874,-73.960127,retail_&_shopping
329,40.730091,-73.950853,retail_&_shopping
330,40.642648,-73.978872,retail_&_shopping
331,40.688951,-73.990669,retail_&_shopping
332,40.646718,-73.957807,retail_&_shopping
333,40.648843,-74.006703,retail_&_shopping
334,40.696557,-73.936346,retail_&_shopping
335,40.655442,-73.960017,retail_&_shopping
336,40.679889,-73.996811,retail_&_shopping
337,40.691202,-73.98718,retail_&_shopping
338,40.678041,-73.97345,retail_&_shopping
339,40.684568,-73.977324,retail_&_shopping
340,40.663204,-73.959968,retail_&_shopping
341,40.722892,-73.943723,retail_&_shopping
342,40.688246,-73.98087,retail_&_shopping
343,40.692945,-73.948466,retail_&_shopping
344,40.635884,-74.027366,retail_&_shopping
345,40.691643,-73.952779,retail_&_shopping
346,40.684529,-73.976756,retail_&_shopping
347,40.668614,-73.987211,retail_&_shopping
348,40.693351,-73.979499,retail_&_shopping
349,40.727988,-73.952868,retail_&_shopping
350,40.704582,-73.920464,retail_&_shopping
351,40.69491,-74.001548,parks_&_outdoor
352,40.668437,-73.995706,landmarks
353,40.570193,-73.983402,parks_&_outdoor
354,40.687843,-73.98382,Other
355,40.634953,-73.928292,retail_&_shopping
356,40.722112,-73.956789,Other
357,40.695711,-73.983954,Other
358,40.633746,-74.036562,parks_&_outdoor
359,40.63092,-73.919906,retail_&_shopping
360,40.676275,-73.889917,retail_&_shopping
361,40.647636,-73.97972,retail_&_shopping
362,40.72313,-73.938844,retail_&_shopping
363,40.693237,-73.955676,retail_&_shopping
364,40.632722,-73.94729,landmarks
365,40.641334,-73.963656,landmarks
366,40.64422,-73.964552,landmarks
367,40.650598,-73.949762,landmarks
368,40.649535,-73.963276,landmarks
369,40.657008,-73.949878,landmarks
370,40.655347,-73.961539,landmarks
371,40.643158,-73.979938,landmarks
372,40.64986528480866,-73.97580206394196,landmarks
373,40.608906,-73.957569,landmarks
374,40.661464,-73.96256,landmarks
375,40.609037,-73.972728,landmarks
376,40.612336,-73.982176,landmarks
377,40.636348,-73.994617,landmarks
378,40.640716,-73.994484,landmarks
379,40.660078,-73.979988,landmarks
380,40.646376,-73.994402,landmarks
381,40.670487,-73.957721,landmarks
382,40.668709,-73.931492,landmarks
383,40.60449045465899,-73.98058727023505,landmarks
384,40.65341,-73.906851,landmarks
385,40.64048,-73.902707,landmarks
386,40.671874,-73.964271,landmarks
387,40.684829,-73.97764,landmarks
388,40.66661193038475,-73.98104467775325,landmarks
389,40.631878,-74.006423,landmarks
390,40.597388,-73.979284,landmarks
391,40.675841,-73.971097,landmarks
392,40.660187,-73.997823,landmarks
393,40.665454,-73.992406,landmarks
394,40.678672,-73.947962,landmarks
395,40.654563,-74.004445,landmarks
396,40.658995,-73.899389,landmarks
397,40.677144,-73.972761,landmarks
398,40.680055,-73.940602,landmarks
399,40.670065,-73.98936,landmarks
400,40.635137,-74.011389,landmarks
401,40.678849,-73.929217,landmarks
402,40.66736,-73.896911,landmarks
403,40.641213,-74.017731,landmarks
404,40.684113,-73.978179,landmarks
405,40.68875,-73.96017,landmarks
406,40.688442,-73.965611,landmarks
407,40.689376,-73.954916,landmarks
408,40.583958,-73.982069,Other
409,40.678546,-73.904,landmarks
410,40.679491,-73.995574,landmarks
411,40.683067,-73.910406,landmarks
412,40.629675,-74.025898,landmarks
413,40.685518,-73.915557,landmarks
414,40.688265,-73.980173,landmarks
415,40.688727,-73.98102,landmarks
416,40.672543,-73.890433,landmarks
417,40.688456,-73.985066,landmarks
418,40.693161,-73.928234,landmarks
419,40.576094,-73.976235,landmarks
420,40.69007,-73.981203,landmarks
421,40.576749,-73.981874,landmarks
422,40.678271,-73.89191,landmarks
423,40.69711,-73.935844,landmarks
424,40.616001,-74.031405,landmarks
425,40.69407,-73.982799,landmarks
426,40.692109,-73.987521,landmarks
427,40.688771,-73.904644,landmarks
428,40.699646,-73.949902,landmarks
429,40.705684,-73.949959,landmarks
430,40.69969,-73.911772,landmarks
431,40.69556,-73.989532,landmarks
432,40.675297,-73.871698,landmarks
433,40.701292,-73.986921,landmarks
434,40.706943,-73.95328,landmarks
435,40.705755,-73.933162,landmarks
436,40.708553,-73.957619,landmarks
437,40.699646,-73.997896,parks_&_outdoor
438,40.709255,-73.959566,landmarks
439,40.676808,-73.865431,landmarks
440,40.712194,-73.940434,landmarks
441,40.713842,-73.951407,landmarks
442,40.713941,-73.95176,landmarks
443,40.714682,-73.944195,landmarks
444,40.717886,-73.957499,landmarks
445,40.692521,-73.901469,bars_&_clubs
446,40.697978,-73.90512,cultural
447,40.749415,-73.846017,entertainment_&_leisure
448,40.749919,-73.847104,cultural
449,40.715222,-73.913709,cultural
450,40.715222,-73.913709,bars_&_clubs
451,40.697031,-73.906262,bars_&_clubs
452,40.743806,-73.849852,parks_&_outdoor
453,40.754563,-73.861554,cultural
454,40.748007,-73.848039,entertainment_&_leisure
455,40.74583,-73.846694,cultural
456,40.708218,-73.919598,cultural
457,40.756992,-73.845985,entertainment_&_leisure
458,40.741125,-73.783869,entertainment_&_leisure
459,40.749085,-73.848078,entertainment_&_leisure
460,40.747318,-73.851726,cultural
461,40.756325,-73.92395,cultural
462,40.70801,-73.86797,entertainment_&_leisure
463,40.74652,-73.951791,entertainment_&_leisure
464,40.745568,-73.947037,cultural
465,40.751181080754456,-73.84192228317261,entertainment_&_leisure
466,40.744164,-73.844363,cultural
467,40.766922,-73.93783,cultural
468,40.772731,-73.915744,cultural
469,40.745566,-73.947125,cultural
470,40.775558,-73.914977,entertainment_&_leisure
471,40.745515,-73.946992,cultural
472,40.762769,-73.753394,cultural
473,40.746356,-73.849289,cultural
474,40.748249,-73.721196,cultural
475,40.700429,-73.856786,cultural
476,40.767491,-73.9363,cultural
477,40.754766,-73.923759,entertainment_&_leisure
478,40.741555,-73.933652,entertainment_&_leisure
479,40.746919,-73.940888,cultural
480,40.72078,-73.84343,entertainment_&_leisure
481,40.752085,-73.896535,entertainment_&_leisure
482,40.761223,-73.924441,entertainment_&_leisure
483,40.761567,-73.923668,Other
484,40.746026,-73.915568,cultural
485,40.732957,-73.810256,entertainment_&_leisure
486,40.773124,-73.894654,entertainment_&_leisure
487,40.752211,-73.895841,entertainment_&_leisure
488,40.771681,-73.908495,cultural
489,40.737992,-73.815848,cultural
490,40.74881,-73.944847,cultural
491,40.745992,-73.914824,entertainment_&_leisure
492,40.736329,-73.937426,landmarks
493,40.747408,-73.841991,cultural
494,40.747266,-73.888975,bars_&_clubs
495,40.760824,-73.908918,bars_&_clubs
496,40.673227,-73.833036,entertainment_&_leisure
497,40.744001,-73.934968,cultural
498,40.671754,-73.84833,entertainment_&_leisure
499,40.672032,-73.856319,entertainment_&_leisure
500,40.700222,-73.810362,bars_&_clubs
501,40.779019,-73.778812,entertainment_&_leisure
502,40.6798,-73.849842,bars_&_clubs
503,40.709968,-73.848625,Other
504,40.704071,-73.798981,entertainment_&_leisure
505,40.717152,-73.852333,cultural
506,40.755713,-73.833731,cultural
507,40.758015,-73.844908,cultural
508,40.750267,-73.885592,cultural
509,40.748986,-73.889213,entertainment_&_leisure
510,40.760461,-73.833727,entertainment_&_leisure
511,40.748931,-73.901571,cultural
512,40.770389,-73.833734,entertainment_&_leisure
513,40.753228,-73.914573,entertainment_&_leisure
514,40.751284,-73.939045,Other
515,40.77354,-73.907604,Other
516,40.773438,-73.913499,cultural
517,40.775776,-73.908736,entertainment_&_leisure
518,40.684702,-73.84579,entertainment_&_leisure
519,40.70926,-73.869674,entertainment_&_leisure
520,40.694002,-73.781485,cultural
521,40.710381,-73.786157,entertainment_&_leisure
522,40.698621,-73.771482,cultural
523,40.721849,-73.885282,cultural
524,40.734606,-73.882131,cultural
525,40.748213,-73.891936,entertainment_&_leisure
526,40.754625,-73.916853,Other
527,40.751955,-73.925968,Other
528,40.759946,-73.921728,cultural
529,40.765051,-73.914363,Other
530,40.766701,-73.921328,entertainment_&_leisure
531,40.692521,-73.901469,entertainment_&_leisure
532,40.701955,-73.903567,restaurants
533,40.69628,-73.904097,bars_&_clubs
534,40.736494,-73.802698,restaurants
535,40.726256,-73.852707,restaurants
536,40.642273,-73.783389,restaurants
537,40.761155,-73.827724,restaurants
538,40.719151,-73.841756,bars_&_clubs
539,40.721262,-73.851871,restaurants
540,40.760998,-73.82964,restaurants
541,40.747701,-73.884711,restaurants
542,40.695209,-73.903795,restaurants
543,40.735755,-73.934697,bars_&_clubs
544,40.742648,-73.952005,restaurants
545,40.78005,-73.79353,restaurants
546,40.746529,-73.951442,Other
547,40.778335,-73.901753,Other
548,40.743379,-73.954246,restaurants
549,40.774675,-73.913677,restaurants
550,40.774831,-73.913901,restaurants
551,40.747655,-73.941615,retail_&_shopping
552,40.749325,-73.955829,bars_&_clubs
553,40.75817,-73.78608,restaurants
554,40.773354,-73.906461,restaurants
555,40.73977,-73.878566,restaurants
556,40.747746,-73.94223,restaurants
557,40.745992,-73.914824,restaurants
558,40.763412,-73.921247,restaurants
559,40.742713,-73.951891,restaurants
560,40.761655,-73.918298,bars_&_clubs
561,40.743284,-73.951754,retail_&_shopping
562,40.743832,-73.951425,restaurants
563,40.759069,-73.833327,restaurants
564,40.713992,-73.921474,bars_&_clubs
565,40.747997,-73.957088,entertainment_&_leisure
566,40.773516,-73.916692,restaurants
567,40.745666,-73.953461,restaurants
568,40.745821,-73.89879,retail_&_shopping
569,40.74833,-73.940592,restaurants
570,40.762194,-73.918318,restaurants
571,40.747029,-73.952946,entertainment_&_leisure
572,40.741218,-73.960408,restaurants
573,40.757993,-73.932269,restaurants
574,40.769136,-73.935314,restaurants
575,40.744738,-73.951853,restaurants
576,40.7053,-73.739474,restaurants
577,40.746218,-73.955011,retail_&_shopping
578,40.74614,-73.945837,restaurants
579,40.748883,-73.938037,restaurants
580,40.762385,-73.925359,restaurants
581,40.765825,-73.919766,restaurants
582,40.774115,-73.908281,restaurants
583,40.768702,-73.79204,restaurants
584,40.748654,-73.938552,Other
585,40.75993,-73.928411,restaurants
586,40.749052,-73.756112,restaurants
587,40.734737,-73.870915,restaurants
588,40.744909,-73.953519,bars_&_clubs
589,40.749756,-73.817795,restaurants
590,40.767452,-73.937784,Other
591,40.744011,-73.776373,restaurants
592,40.757422,-73.793339,restaurants
593,40.768039,-73.862047,restaurants
594,40.736869,-73.880162,restaurants
595,40.712015,-73.859128,restaurants
596,40.757726,-73.915878,restaurants
597,40.6439,-73.791462,entertainment_&_leisure
598,40.673922,-73.72895,restaurants
599,40.665267,-73.756119,restaurants
600,40.74262,-73.954392,restaurants
601,40.757897,-73.779781,restaurants
602,40.772436,-73.865223,restaurants
603,40.761278,-73.761205,restaurants
604,40.738303,-73.883097,restaurants
605,40.760585,-73.92612,restaurants
606,40.727453,-73.812462,restaurants
607,40.761537,-73.759466,restaurants
608,40.7535,-73.90838,restaurants
609,40.730232,-73.919207,restaurants
610,40.726735,-73.716591,Other
611,40.6431762874933,-73.77900838851929,restaurants
612,40.766392,-73.930972,restaurants
613,40.748346,-73.95007,bars_&_clubs
614,40.744459,-73.954201,restaurants
615,40.767079,-73.736331,restaurants
616,40.726301,-73.906705,restaurants
617,40.739454,-73.884449,bars_&_clubs
618,40.715747,-73.914252,bars_&_clubs
619,40.739536,-73.942614,bars_&_clubs
620,40.698755,-73.819252,bars_&_clubs
621,40.69875,-73.819427,bars_&_clubs
622,40.696128,-73.803892,bars_&_clubs
623,40.753766,-73.904416,bars_&_clubs
624,40.777442,-73.900802,bars_&_clubs
625,40.744616,-73.911759,bars_&_clubs
626,40.754376,-73.83329,bars_&_clubs
627,40.689864,-73.82539,bars_&_clubs
628,40.695103,-73.841761,bars_&_clubs
629,40.699152,-73.820575,bars_&_clubs
630,40.696073,-73.803934,bars_&_clubs
631,40.70654,-73.807881,bars_&_clubs
632,40.715965,-73.860668,entertainment_&_leisure
633,40.761567,-73.923668,bars_&_clubs
634,40.708999,-73.778997,bars_&_clubs
635,40.709896,-73.771218,restaurants
636,40.715485,-73.901717,bars_&_clubs
637,40.733308,-73.884309,bars_&_clubs
638,40.749587,-73.857879,bars_&_clubs
639,40.74879,-73.869859,bars_&_clubs
640,40.754383,-73.86015,bars_&_clubs
641,40.744619,-73.903462,bars_&_clubs
642,40.756127,-73.882271,bars_&_clubs
643,40.745163,-73.90536,bars_&_clubs
644,40.760787,-73.87327,bars_&_clubs
645,40.765936,-73.836938,bars_&_clubs
646,40.754266,-73.899761,bars_&_clubs
647,40.763843,-73.878145,bars_&_clubs
648,40.742101,-73.925289,bars_&_clubs
649,40.753153,-73.923524,bars_&_clubs
650,40.752935,-73.923603,bars_&_clubs
651,40.759713,-73.914205,bars_&_clubs
652,40.755968,-73.92114,bars_&_clubs
653,40.781054,-73.840804,bars_&_clubs
654,40.754163,-73.930201,bars_&_clubs
655,40.754166,-73.930114,bars_&_clubs
656,40.579338,-73.837371,bars_&_clubs
657,40.756611,-73.929464,bars_&_clubs
658,40.767662,-73.911534,bars_&_clubs
659,40.749917,-73.939736,bars_&_clubs
660,40.762028,-73.924602,bars_&_clubs
661,40.742516,-73.950196,bars_&_clubs
662,40.775937,-73.902625,bars_&_clubs
663,40.770601,-73.920776,bars_&_clubs
664,40.736434,-73.708185,bars_&_clubs
665,40.769496,-73.927857,bars_&_clubs
666,40.748761,-73.715756,bars_&_clubs
667,40.684367,-73.831605,bars_&_clubs
668,40.674077,-73.776519,bars_&_clubs
669,40.700094,-73.894379,bars_&_clubs
670,40.68164,-73.765139,bars_&_clubs
671,40.739304,-73.859163,bars_&_clubs
672,40.747467,-73.887454,bars_&_clubs
673,40.767338,-73.832794,bars_&_clubs
674,40.759842,-73.901105,bars_&_clubs
675,40.734013,-73.937294,bars_&_clubs
676,40.702907,-73.852688,parks_&_outdoor
677,40.70244777648812,-73.84221196174622,parks_&_outdoor
678,40.71050768647108,-73.83545279502869,parks_&_outdoor
679,40.749576,-73.854123,parks_&_outdoor
680,40.73005,-73.885149,parks_&_outdoor
681,40.72781164387366,-73.77237796783447,parks_&_outdoor
682,40.746200298055705,-73.80810499191284,parks_&_outdoor
683,40.616756,-73.825,parks_&_outdoor
684,40.647362,-73.778163,parks_&_outdoor
685,40.585514,-73.814964,parks_&_outdoor
686,40.742452,-73.960674,parks_&_outdoor
687,40.744382,-73.95708,parks_&_outdoor
688,40.7720106250771,-73.76746416091919,parks_&_outdoor
689,40.74756583086727,-73.82040023803711,parks_&_outdoor
690,40.754373,-73.889501,parks_&_outdoor
691,40.74329031912237,-73.74152183532715,parks_&_outdoor
692,40.747244,-73.948936,parks_&_outdoor
693,40.747355,-73.956889,landmarks
694,40.752761,-73.940325,entertainment_&_leisure
695,40.569127,-73.863671,parks_&_outdoor
696,40.579681,-73.828245,parks_&_outdoor
697,40.796529,-73.82462,parks_&_outdoor
698,40.737242,-73.747369,parks_&_outdoor
699,40.775432,-73.775542,parks_&_outdoor
700,40.743322,-73.960046,parks_&_outdoor
701,40.751065,-73.827755,parks_&_outdoor
702,40.748693,-73.838195,landmarks
703,40.558405,-73.92126,parks_&_outdoor
704,40.595642,-73.744595,landmarks
705,40.790878,-73.851256,parks_&_outdoor
706,40.709655,-73.918256,parks_&_outdoor
707,40.76768386871002,-73.92234027385712,parks_&_outdoor
708,40.573771,-73.846771,parks_&_outdoor
709,40.784038,-73.916783,parks_&_outdoor
710,40.787521,-73.837016,entertainment_&_leisure
711,40.761293,-73.758453,parks_&_outdoor
712,40.747506,-73.910601,parks_&_outdoor
713,40.757801,-73.945585,parks_&_outdoor
714,40.710982,-73.910931,parks_&_outdoor
715,40.776299,-73.927765,parks_&_outdoor
716,40.773544,-73.923772,parks_&_outdoor
717,40.745956,-73.90801,parks_&_outdoor
718,40.743141,-73.94297,parks_&_outdoor
719,40.749321,-73.714901,parks_&_outdoor
720,40.744642,-73.88617,parks_&_outdoor
721,40.779618,-73.922691,parks_&_outdoor
722,40.74710252823471,-73.94834160804749,parks_&_outdoor
723,40.772569,-73.897299,parks_&_outdoor
724,40.754291,-73.933526,parks_&_outdoor
725,40.771391,-73.917442,parks_&_outdoor
726,40.691844,-73.853114,parks_&_outdoor
727,40.782285,-73.799027,parks_&_outdoor
728,40.707416,-73.851412,parks_&_outdoor
729,40.713786,-73.828122,landmarks
730,40.714749,-73.851416,parks_&_outdoor
731,40.717991,-73.842806,parks_&_outdoor
732,40.739622,-73.902707,parks_&_outdoor
733,40.685033,-73.782307,parks_&_outdoor
734,40.722926,-73.827097,parks_&_outdoor
735,40.736719,-73.838112,parks_&_outdoor
736,40.686299,-73.755619,parks_&_outdoor
737,40.751537,-73.84297,parks_&_outdoor
738,40.737914,-73.902032,parks_&_outdoor
739,40.757637,-73.826025,parks_&_outdoor
740,40.670511,-73.736072,parks_&_outdoor
741,40.684129,-73.728117,parks_&_outdoor
742,40.754373,-73.889501,parks_&_outdoor
743,40.738577,-73.756538,parks_&_outdoor
744,40.590651,-73.80988,landmarks
745,40.738519,-73.743745,parks_&_outdoor
746,40.72605,-73.729006,parks_&_outdoor
747,40.747756,-73.925634,landmarks
748,40.590868,-73.786604,landmarks
749,40.738937,-73.942809,landmarks
750,40.757994,-73.754453,parks_&_outdoor
751,40.760793,-73.918265,parks_&_outdoor
752,40.745763,-73.941761,parks_&_outdoor
753,40.732857,-73.717668,parks_&_outdoor
754,40.748037,-73.955605,parks_&_outdoor
755,40.742006,-73.961181,parks_&_outdoor
756,40.770196,-73.927927,parks_&_outdoor
757,40.746271,-73.958343,parks_&_outdoor
758,40.747222,-73.955792,parks_&_outdoor
759,40.763196,-73.945617,landmarks
760,40.741246,-73.703324,parks_&_outdoor
761,40.77194,-73.935421,parks_&_outdoor
762,40.565213,-73.87336,landmarks
763,40.801792,-73.82988,landmarks
764,40.801955,-73.793862,landmarks
765,40.55679,-73.929376,parks_&_outdoor
766,40.711248,-73.8583,retail_&_shopping
767,40.710199,-73.858451,retail_&_shopping
768,40.711723,-73.857895,Other
769,40.708673,-73.869434,retail_&_shopping
770,40.733159,-73.86313,retail_&_shopping
771,40.672881,-73.770505,retail_&_shopping
772,40.772129,-73.826937,retail_&_shopping
773,40.707279,-73.854592,retail_&_shopping
774,40.780122,-73.777889,retail_&_shopping
775,40.766188,-73.920347,retail_&_shopping
776,40.762929,-73.809004,retail_&_shopping
777,40.768536,-73.834454,retail_&_shopping
778,40.731284,-73.887465,retail_&_shopping
779,40.759093,-73.832367,retail_&_shopping
780,40.679456,-73.755515,retail_&_shopping
781,40.780533,-73.776549,retail_&_shopping
782,40.749092,-73.938307,retail_&_shopping
783,40.783677,-73.833251,retail_&_shopping
784,40.745016,-73.904787,retail_&_shopping
785,40.778925,-73.901906,retail_&_shopping
786,40.712961,-73.901317,retail_&_shopping
787,40.733359,-73.863748,retail_&_shopping
788,40.743789,-73.955048,restaurants
789,40.767532,-73.938836,retail_&_shopping
790,40.783472,-73.830752,Other
791,40.73404,-73.870759,retail_&_shopping
792,40.752038,-73.916755,retail_&_shopping
793,40.735338,-73.874736,retail_&_shopping
794,40.711594,-73.891753,retail_&_shopping
795,40.751825,-73.914607,retail_&_shopping
796,40.770165,-73.904593,retail_&_shopping
797,40.747411,-73.942653,retail_&_shopping
798,40.73985,-73.785094,retail_&_shopping
799,40.745587,-73.956428,retail_&_shopping
800,40.765541,-73.930503,retail_&_shopping
801,40.737287,-73.777798,retail_&_shopping
802,40.590274,-73.799334,retail_&_shopping
803,40.711314,-73.854957,retail_&_shopping
804,40.586812,-73.812616,retail_&_shopping
805,40.714699,-73.832475,retail_&_shopping
806,40.78313,-73.835635,retail_&_shopping
807,40.561389,-73.912281,retail_&_shopping
808,40.743255,-73.958871,retail_&_shopping
809,40.70768,-73.915476,retail_&_shopping
810,40.675978,-73.826682,retail_&_shopping
811,40.735335,-73.875,retail_&_shopping
812,40.677712,-73.779828,retail_&_shopping
813,40.759714,-73.769755,retail_&_shopping
814,40.761375,-73.916627,retail_&_shopping
815,40.762661,-73.925151,retail_&_shopping
816,40.581932,-73.834897,retail_&_shopping
817,40.771208,-73.916211,retail_&_shopping
818,40.783838,-73.8333,retail_&_shopping
819,40.767008,-73.843486,retail_&_shopping
820,40.776116,-73.910191,retail_&_shopping
821,40.703079,-73.799818,retail_&_shopping
822,40.745493,-73.9559,retail_&_shopping
823,40.720891,-73.847449,retail_&_shopping
824,40.721538,-73.843283,retail_&_shopping
825,40.76126,-73.93117,retail_&_shopping
826,40.72935,-73.743782,retail_&_shopping
827,40.766635,-73.919753,retail_&_shopping
828,40.752656,-73.835106,retail_&_shopping
829,40.743239,-73.923061,retail_&_shopping
830,40.744803,-73.918972,retail_&_shopping
831,40.752751,-73.914249,retail_&_shopping
832,40.586691,-73.813134,retail_&_shopping
833,40.74731,-73.94444,retail_&_shopping
834,40.748354,-73.755957,retail_&_shopping
835,40.702407,-73.904849,Other
836,40.703652,-73.76869,retail_&_shopping
837,40.764784,-73.930561,retail_&_shopping
838,40.752414,-73.871565,retail_&_shopping
839,40.75973,-73.830687,retail_&_shopping
840,40.749845,-73.881122,retail_&_shopping
841,40.730847,-73.742131,retail_&_shopping
842,40.760207,-73.922043,retail_&_shopping
843,40.745296,-73.904404,retail_&_shopping
844,40.773824,-73.907046,retail_&_shopping
845,40.744135,-73.923837,retail_&_shopping
846,40.760725,-73.829761,Other
847,40.760677,-73.930755,retail_&_shopping
848,40.756393,-73.930861,retail_&_shopping
849,40.771351,-73.925087,retail_&_shopping
850,40.747981,-73.945558,retail_&_shopping
851,40.771415,-73.922642,retail_&_shopping
852,40.767529,-73.938923,Other
853,40.766158,-73.919429,retail_&_shopping
854,40.763099,-73.912673,retail_&_shopping
855,40.722246,-73.921394,retail_&_shopping
856,40.638934,-73.781225,landmarks
857,40.77453,-73.871854,landmarks
858,40.750039,-73.937164,Other
859,40.724678,-73.706004,landmarks
860,40.643682607263685,-73.78125339746475,landmarks
861,40.641663,-73.79256,landmarks
862,40.719831,-73.844661,landmarks
863,40.740425,-73.790219,Other
864,40.714914,-73.775363,retail_&_shopping
865,40.709679,-73.83055,landmarks
866,40.643844,-73.782304,landmarks
867,40.752478,-73.84414,landmarks
868,40.765972,-73.724412,retail_&_shopping
869,40.726822,-73.907423,retail_&_shopping
870,40.665887,-73.735654,landmarks
871,40.770178,-73.875233,landmarks
872,40.66105,-73.82964,landmarks
873,40.664359,-73.81951,landmarks
874,40.66042855405596,-73.83027881383894,landmarks
875,40.661854,-73.824738,landmarks
876,40.673745,-73.764039,landmarks
877,40.70023,-73.807963,landmarks
878,40.702265,-73.816934,landmarks
879,40.667191,-73.794458,Other
880,40.75766,-73.778506,retail_&_shopping
881,40.700392,-73.807925,landmarks
882,40.708873,-73.819962,landmarks
883,40.705585,-73.809374,landmarks
884,40.758551,-73.830382,landmarks
885,40.763215,-73.772148,landmarks
886,40.713861,-73.831485,landmarks
887,40.659862,-73.803615,landmarks
888,40.668451,-73.751651,landmarks
889,40.745766,-73.902937,landmarks
890,40.658708,-73.840186,retail_&_shopping
891,40.721241,-73.844363,landmarks
892,40.65351,-73.792801,landmarks
893,40.646713,-73.788903,landmarks
894,40.706806,-73.895458,landmarks
895,40.643123,-73.790259,landmarks
896,40.648208,-73.783072,landmarks
897,40.730917,-73.862262,landmarks
898,40.770262,-73.869949,landmarks
899,40.704515,-73.902572,landmarks
900,40.646782,-73.779798,landmarks
901,40.64478,-73.782256,landmarks
902,40.644018,-73.782578,landmarks
903,40.64417760251725,-73.78149747848511,landmarks
904,40.643172,-73.781939,landmarks
905,40.73359,-73.869389,landmarks
906,40.64080726287063,-73.78229141235352,landmarks
907,40.645853,-73.776063,landmarks
908,40.753685,-73.84545,landmarks
909,40.775167,-73.740886,landmarks
910,40.754703,-73.845705,landmarks
911,40.756965,-73.845874,landmarks
912,40.733114,-73.763597,landmarks
913,40.746722,-73.891182,landmarks
914,40.762316,-73.83292,Other
915,40.744011,-73.912217,landmarks
916,40.743191,-73.918736,landmarks
917,40.753055,-73.906835,landmarks
918,40.77073,-73.870622,landmarks
919,40.756706,-73.913655,landmarks
920,40.773738,-73.869115,landmarks
921,40.773101,-73.874903,landmarks
922,40.584017,-73.831273,landmarks
923,40.752317,-73.928602,landmarks
924,40.744121,-73.940606,Other
925,40.750806,-73.936756,landmarks
926,40.742561,-73.948538,landmarks
927,40.750605,-73.940242,landmarks
928,40.762071,-73.924997,landmarks
929,40.74458275565034,-73.94873857498169,landmarks
930,40.748589,-73.945013,landmarks
931,40.770237,-73.918228,landmarks
932,40.742794,-73.953918,landmarks
933,40.754267,-73.942523,landmarks
934,40.64359,-73.780341,landmarks
935,40.75327,-73.710099,landmarks
936,40.767923,-73.887208,landmarks
937,40.762447,-73.81519,landmarks
938,40.77392,-73.872,landmarks
939,40.849655,-73.87669,parks_&_outdoor
940,40.852906,-73.878409,parks_&_outdoor
941,40.848101,-73.881028,parks_&_outdoor
942,40.845339,-73.876998,parks_&_outdoor
943,40.852412,-73.875663,parks_&_outdoor
944,40.851846,-73.880215,parks_&_outdoor
945,40.849425,-73.879819,entertainment_&_leisure
946,40.852573,-73.879235,parks_&_outdoor
947,40.851227,-73.876997,parks_&_outdoor
948,40.845261,-73.875858,cultural
949,40.848533,-73.876722,parks_&_outdoor
950,40.84944,-73.878812,parks_&_outdoor
951,40.831037,-73.91987,cultural
952,40.82978,-73.92629,entertainment_&_leisure
953,40.848888,-73.879711,parks_&_outdoor
954,40.814012,-73.814357,entertainment_&_leisure
955,40.857914,-73.839862,cultural
956,40.874581,-73.89301,cultural
957,40.819582,-73.928272,cultural
958,40.865924,-73.813972,Other
959,40.891012,-73.89498,cultural
960,40.860545,-73.898747,cultural
961,40.87181,-73.805556,cultural
962,40.84017,-73.921703,bars_&_clubs
963,40.828386,-73.926157,entertainment_&_leisure
964,40.828407,-73.92537,bars_&_clubs
965,40.883421,-73.856462,bars_&_clubs
966,40.811828,-73.913152,cultural
967,40.866986,-73.825261,entertainment_&_leisure
968,40.843272,-73.885849,bars_&_clubs
969,40.858625,-73.91426,cultural
970,40.849955,-73.878132,parks_&_outdoor
971,40.844416,-73.877183,parks_&_outdoor
972,40.850217,-73.878448,parks_&_outdoor
973,40.838117,-73.863956,Other
974,40.841684,-73.878395,cultural
975,40.835662,-73.862816,entertainment_&_leisure
976,40.856688,-73.891293,cultural
977,40.836875,-73.886749,cultural
978,40.82962,-73.875018,Other
979,40.833665,-73.84813,cultural
980,40.846741,-73.895737,cultural
981,40.867829,-73.845036,Other
982,40.884503,-73.858473,bars_&_clubs
983,40.869851,-73.829435,entertainment_&_leisure
984,40.844729,-73.912686,entertainment_&_leisure
985,40.842189,-73.914778,cultural
986,40.819068,-73.898598,cultural
987,40.816012,-73.893629,bars_&_clubs
988,40.826496,-73.822368,bars_&_clubs
989,40.845924,-73.920608,cultural
990,40.833626,-73.919968,cultural
991,40.893292,-73.85507,Other
992,40.88765,-73.830687,entertainment_&_leisure
993,40.897835,-73.867503,bars_&_clubs
994,40.890475,-73.905167,cultural
995,40.822082,-73.807034,Other
996,40.895996,-73.898671,Other
997,40.823964,-73.930014,entertainment_&_leisure
998,40.900263,-73.911142,cultural
999,40.907051,-73.903773,entertainment_&_leisure
1000,40.854459,-73.869062,parks_&_outdoor
1001,40.856791,-73.883243,cultural
1002,40.850836,-73.844114,Other
1003,40.853615,-73.88899,entertainment_&_leisure
1004,40.830969,-73.868856,entertainment_&_leisure
1005,40.865424,-73.881592,Other
1006,40.831122,-73.8504,Other
1007,40.855545,-73.895759,cultural
1008,40.872854,-73.870133,cultural
1009,40.86049,-73.898789,cultural
1010,40.821203,-73.897497,bars_&_clubs
1011,40.817344,-73.898446,entertainment_&_leisure
1012,40.815643,-73.903587,entertainment_&_leisure
1013,40.88683,-73.826848,bars_&_clubs
1014,40.886661,-73.906338,cultural
1015,40.81225,-73.905297,cultural
1016,40.893689,-73.898015,bars_&_clubs
1017,40.820425,-73.920868,cultural
1018,40.903398,-73.850926,entertainment_&_leisure
1019,40.822005,-73.930551,entertainment_&_leisure
1020,40.897935,-73.907155,cultural
1021,40.801805,-73.91037,Other
1022,40.840522,-73.786861,cultural
1023,40.8488,-73.86229,restaurants
1024,40.855772,-73.887101,restaurants
1025,40.854706,-73.888593,restaurants
1026,40.857067,-73.885091,restaurants
1027,40.858748,-73.884847,restaurants
1028,40.846939,-73.831808,retail_&_shopping
1029,40.851164,-73.843951,restaurants
1030,40.866089,-73.862222,restaurants
1031,40.846914,-73.832769,restaurants
1032,40.838271,-73.828608,restaurants
1033,40.854426,-73.888977,restaurants
1034,40.825131,-73.871135,restaurants
1035,40.823519,-73.837396,restaurants
1036,40.884618,-73.899735,bars_&_clubs
1037,40.822905,-73.848658,restaurants
1038,40.85388,-73.889219,restaurants
1039,40.824109,-73.8564,retail_&_shopping
1040,40.853615,-73.88899,restaurants
1041,40.887451,-73.905053,restaurants
1042,40.826549,-73.822414,entertainment_&_leisure
1043,40.880375,-73.909036,restaurants
1044,40.833813,-73.861217,restaurants
1045,40.801908,-73.910549,bars_&_clubs
1046,40.826816,-73.926316,entertainment_&_leisure
1047,40.827013,-73.924967,restaurants
1048,40.849642,-73.787136,restaurants
1049,40.857374,-73.885716,entertainment_&_leisure
1050,40.869732,-73.827723,restaurants
1051,40.898494,-73.867089,restaurants
1052,40.887035,-73.904425,restaurants
1053,40.852616,-73.789166,bars_&_clubs
1054,40.865424,-73.881592,restaurants
1055,40.867838,-73.827874,retail_&_shopping
1056,40.827722,-73.85032,restaurants
1057,40.821921,-73.900979,retail_&_shopping
1058,40.856825,-73.791458,restaurants
1059,40.884543,-73.900564,restaurants
1060,40.8074,-73.92746,bars_&_clubs
1061,40.838978,-73.783601,restaurants
1062,40.832548,-73.828578,restaurants
1063,40.853147,-73.789534,bars_&_clubs
1064,40.837764,-73.782695,restaurants
1065,40.88999,-73.819471,restaurants
1066,40.835737,-73.832674,restaurants
1067,40.82722,-73.925325,entertainment_&_leisure
1068,40.886047,-73.911177,restaurants
1069,40.839584,-73.783371,restaurants
1070,40.849911,-73.916907,restaurants
1071,40.890433,-73.848571,restaurants
1072,40.867226,-73.830654,restaurants
1073,40.840212,-73.841367,restaurants
1074,40.886591,-73.877996,restaurants
1075,40.828053,-73.924438,entertainment_&_leisure
1076,40.8896,-73.819939,restaurants
1077,40.827025,-73.92453,restaurants
1078,40.828384,-73.878954,restaurants
1079,40.827599,-73.823589,restaurants
1080,40.876935,-73.846023,restaurants
1081,40.874729,-73.91005,restaurants
1082,40.862484,-73.880389,restaurants
1083,40.849731,-73.88053,restaurants
1084,40.825179,-73.908537,restaurants
1085,40.864072,-73.867095,restaurants
1086,40.826775,-73.857722,restaurants
1087,40.891205,-73.897923,restaurants
1088,40.841751,-73.90474,restaurants
1089,40.856411,-73.881215,restaurants
1090,40.842419,-73.852123,restaurants
1091,40.81626,-73.917081,restaurants
1092,40.852707,-73.828032,restaurants
1093,40.840373,-73.876903,restaurants
1094,40.823419,-73.874659,restaurants
1095,40.82909,-73.876705,retail_&_shopping
1096,40.844559,-73.846644,restaurants
1097,40.867606,-73.899405,restaurants
1098,40.885637,-73.82698,restaurants
1099,40.816903,-73.892613,restaurants
1100,40.831447,-73.82727,restaurants
1101,40.878984,-73.837777,restaurants
1102,40.873231,-73.905352,restaurants
1103,40.882684,-73.901371,restaurants
1104,40.884028,-73.90164,restaurants
1105,40.812868,-73.902346,restaurants
1106,40.896832,-73.870752,restaurants
1107,40.84384,-73.903319,restaurants
1108,40.83464,-73.928626,restaurants
1109,40.902408,-73.851591,restaurants
1110,40.904443,-73.902229,restaurants
1111,40.846378,-73.785928,restaurants
1112,40.850304,-73.916353,restaurants
1113,40.829102,-73.927672,bars_&_clubs
1114,40.857682,-73.88634,bars_&_clubs
1115,40.846215,-73.901363,bars_&_clubs
1116,40.811435,-73.925951,bars_&_clubs
1117,40.84559,-73.863179,bars_&_clubs
1118,40.855786,-73.857424,bars_&_clubs
1119,40.839381,-73.86934,bars_&_clubs
1120,40.841901,-73.884573,bars_&_clubs
1121,40.83265,-73.864412,bars_&_clubs
1122,40.841769,-73.841729,bars_&_clubs
1123,40.841714,-73.841771,bars_&_clubs
1124,40.841716,-73.841684,bars_&_clubs
1125,40.854505,-73.896289,bars_&_clubs
1126,40.852032,-73.897904,bars_&_clubs
1127,40.828239,-73.880348,bars_&_clubs
1128,40.846107,-73.901359,bars_&_clubs
1129,40.827157,-73.886651,bars_&_clubs
1130,40.87848,-73.87196,bars_&_clubs
1131,40.868166,-73.89658,bars_&_clubs
1132,40.839469,-73.905267,bars_&_clubs
1133,40.879383,-73.843309,bars_&_clubs
1134,40.862208,-73.911549,bars_&_clubs
1135,40.841367,-73.917285,bars_&_clubs
1136,40.817372,-73.837087,bars_&_clubs
1137,40.822194,-73.909081,bars_&_clubs
1138,40.822633,-73.912947,bars_&_clubs
1139,40.889064,-73.828242,bars_&_clubs
1140,40.815284,-73.929465,bars_&_clubs
1141,40.911394,-73.89688,bars_&_clubs
1142,40.842907,-73.858355,bars_&_clubs
1143,40.829322,-73.874045,bars_&_clubs
1144,40.835471,-73.907349,bars_&_clubs
1145,40.822952,-73.909022,bars_&_clubs
1146,40.88515,-73.900298,bars_&_clubs
1147,40.911284,-73.896964,bars_&_clubs
1148,40.865424,-73.881592,parks_&_outdoor
1149,40.859149,-73.873568,landmarks
1150,40.865424,-73.881592,parks_&_outdoor
1151,40.864602,-73.875783,parks_&_outdoor
1152,40.857546,-73.870839,parks_&_outdoor
1153,40.892113,-73.89675,parks_&_outdoor
1154,40.866466,-73.880974,parks_&_outdoor
1155,40.84049,-73.907494,parks_&_outdoor
1156,40.8615,-73.7972,parks_&_outdoor
1157,40.821024,-73.869191,parks_&_outdoor
1158,40.876685,-73.878637,parks_&_outdoor
1159,40.828487,-73.926423,parks_&_outdoor
1160,40.900261,-73.91123,parks_&_outdoor
1161,40.842162,-73.92808,landmarks
1162,40.849289,-73.868435,parks_&_outdoor
1163,40.860666,-73.889997,parks_&_outdoor
1164,40.901788,-73.894199,parks_&_outdoor
1165,40.889257,-73.908319,parks_&_outdoor
1166,40.900121,-73.912451,landmarks
1167,40.852107,-73.909418,parks_&_outdoor
1168,40.826942,-73.923565,parks_&_outdoor
1169,40.802676,-73.872977,parks_&_outdoor
1170,40.823056,-73.813371,parks_&_outdoor
1171,40.82413,-73.923721,parks_&_outdoor
1172,40.844113,-73.845096,parks_&_outdoor
1173,40.887915,-73.916197,parks_&_outdoor
1174,40.880008,-73.90657,parks_&_outdoor
1175,40.816548,-73.852276,parks_&_outdoor
1176,40.850839,-73.867004,landmarks
1177,40.853004,-73.873079,parks_&_outdoor
1178,40.842611,-73.865608,parks_&_outdoor
1179,40.847615,-73.878789,landmarks
1180,40.843558,-73.876976,parks_&_outdoor
1181,40.852126,-73.879831,landmarks
1182,40.841702,-73.877696,parks_&_outdoor
1183,40.836831,-73.871872,parks_&_outdoor
1184,40.859762,-73.879107,parks_&_outdoor
1185,40.866089,-73.862222,parks_&_outdoor
1186,40.832148,-73.867106,parks_&_outdoor
1187,40.869783,-73.87812,parks_&_outdoor
1188,40.859476,-73.892925,parks_&_outdoor
1189,40.873382,-73.868532,parks_&_outdoor
1190,40.852429,-73.834675,parks_&_outdoor
1191,40.866916,-73.838524,landmarks
1192,40.837995,-73.830961,parks_&_outdoor
1193,40.861172,-73.903674,parks_&_outdoor
1194,40.822875,-73.88518,landmarks
1195,40.820748,-73.879765,parks_&_outdoor
1196,40.841624,-73.826322,parks_&_outdoor
1197,40.81898,-73.877163,parks_&_outdoor
1198,40.871017,-73.899139,parks_&_outdoor
1199,40.877761,-73.895406,landmarks
1200,40.882787,-73.880878,parks_&_outdoor
1201,40.874693,-73.900914,parks_&_outdoor
1202,40.872883,-73.829194,parks_&_outdoor
1203,40.878133,-73.835162,parks_&_outdoor
1204,40.872248,-73.905753,parks_&_outdoor
1205,40.881616,-73.896776,parks_&_outdoor
1206,40.869147,-73.821048,landmarks
1207,40.855242,-73.91759,parks_&_outdoor
1208,40.86188,-73.815754,landmarks
1209,40.85169,-73.92319,parks_&_outdoor
1210,40.892021,-73.883234,landmarks
1211,40.845088,-73.925697,landmarks
1212,40.809826,-73.838695,landmarks
1213,40.810951,-73.899257,landmarks
1214,40.826351,-73.919387,landmarks
1215,40.877654,-73.922072,landmarks
1216,40.816147,-73.917251,parks_&_outdoor
1217,40.900062,-73.88787,parks_&_outdoor
1218,40.88632,-73.815048,landmarks
1219,40.826569,-73.9295,landmarks
1220,40.89201,-73.910525,parks_&_outdoor
1221,40.81798,-73.925543,landmarks
1222,40.809307,-73.918655,parks_&_outdoor
1223,40.903418,-73.895969,parks_&_outdoor
1224,40.906563,-73.887323,parks_&_outdoor
1225,40.819617,-73.933041,landmarks
1226,40.899289,-73.911193,parks_&_outdoor
1227,40.847226,-73.784426,landmarks
1228,40.883955,-73.797534,parks_&_outdoor
1229,40.871581,-73.788998,parks_&_outdoor
1230,40.875063,-73.790215,landmarks
1231,40.811007,-73.933982,landmarks
1232,40.870511,-73.78432,parks_&_outdoor
1233,40.807486,-73.932361,landmarks
1234,40.861004,-73.889484,Other
1235,40.864918,-73.894752,parks_&_outdoor
1236,40.821707,-73.89266,parks_&_outdoor
1237,40.805629,-73.856951,landmarks
1238,40.831628,-73.924049,parks_&_outdoor
1239,40.813263,-73.907871,parks_&_outdoor
1240,40.833296,-73.930412,parks_&_outdoor
1241,40.854123,-73.888178,retail_&_shopping
1242,40.865424,-73.881592,retail_&_shopping
1243,40.850227,-73.880155,retail_&_shopping
1244,40.823519,-73.837396,retail_&_shopping
1245,40.846683,-73.902037,retail_&_shopping
1246,40.881168,-73.903548,retail_&_shopping
1247,40.82108,-73.867006,retail_&_shopping
1248,40.862397,-73.867078,retail_&_shopping
1249,40.868762,-73.825543,retail_&_shopping
1250,40.872357,-73.849666,retail_&_shopping
1251,40.86385,-73.827469,retail_&_shopping
1252,40.851393,-73.788379,retail_&_shopping
1253,40.80393,-73.876652,Other
1254,40.822667,-73.836928,retail_&_shopping
1255,40.867365,-73.825231,retail_&_shopping
1256,40.867917,-73.82687,retail_&_shopping
1257,40.884007,-73.900369,retail_&_shopping
1258,40.850374,-73.830574,retail_&_shopping
1259,40.823122,-73.910778,retail_&_shopping
1260,40.860606,-73.890213,retail_&_shopping
1261,40.868487,-73.829955,retail_&_shopping
1262,40.827024,-73.839709,retail_&_shopping
1263,40.819143,-73.843798,retail_&_shopping
1264,40.864796,-73.826408,retail_&_shopping
1265,40.866777,-73.883569,retail_&_shopping
1266,40.83814,-73.883821,retail_&_shopping
1267,40.880574,-73.841119,retail_&_shopping
1268,40.868132,-73.82482,retail_&_shopping
1269,40.819166,-73.913341,retail_&_shopping
1270,40.863173,-73.83493,retail_&_shopping
1271,40.829645,-73.872001,retail_&_shopping
1272,40.82557,-73.820586,retail_&_shopping
1273,40.869029,-73.829887,Other
1274,40.880823,-73.825056,retail_&_shopping
1275,40.866814,-73.861329,restaurants
1276,40.839435,-73.858928,retail_&_shopping
1277,40.845878,-73.831069,retail_&_shopping
1278,40.831022,-73.826992,retail_&_shopping
1279,40.815443,-73.9153,retail_&_shopping
1280,40.878636,-73.905292,retail_&_shopping
1281,40.824662,-73.891195,retail_&_shopping
1282,40.873438,-73.907768,retail_&_shopping
1283,40.852875,-73.853029,retail_&_shopping
1284,40.880651,-73.825444,retail_&_shopping
1285,40.8397,-73.917003,retail_&_shopping
1286,40.870763,-73.892299,retail_&_shopping
1287,40.830152,-73.871188,retail_&_shopping
1288,40.823911,-73.929968,retail_&_shopping
1289,40.896479,-73.844673,retail_&_shopping
1290,40.825446,-73.918871,retail_&_shopping
1291,40.882133,-73.901788,retail_&_shopping
1292,40.880823,-73.825056,retail_&_shopping
1293,40.837837,-73.883022,retail_&_shopping
1294,40.818861,-73.902352,retail_&_shopping
1295,40.835221,-73.902483,retail_&_shopping
1296,40.835314,-73.888617,retail_&_shopping
1297,40.867516,-73.896644,retail_&_shopping
1298,40.823519,-73.837396,retail_&_shopping
1299,40.864608,-73.863087,retail_&_shopping
1300,40.844348,-73.869435,retail_&_shopping
1301,40.861391,-73.832765,retail_&_shopping
1302,40.82201,-73.891403,retail_&_shopping
1303,40.858339,-73.867323,retail_&_shopping
1304,40.896201,-73.855439,retail_&_shopping
1305,40.856466,-73.856224,retail_&_shopping
1306,40.851439,-73.897838,retail_&_shopping
1307,40.834431,-73.826721,retail_&_shopping
1308,40.868198,-73.830689,retail_&_shopping
1309,40.854228,-73.884155,retail_&_shopping
1310,40.833421,-73.861771,Other
1311,40.861222,-73.889404,retail_&_shopping
1312,40.852855,-73.83701,retail_&_shopping
1313,40.812666,-73.926391,retail_&_shopping
1314,40.874298,-73.856086,Other
1315,40.823334,-73.857159,retail_&_shopping
1316,40.862059,-73.898716,retail_&_shopping
1317,40.871067,-73.893098,retail_&_shopping
1318,40.869719,-73.828248,Other
1319,40.841448,-73.912168,retail_&_shopping
1320,40.873261,-73.908331,retail_&_shopping
1321,40.825821,-73.910792,retail_&_shopping
1322,40.821272,-73.905154,retail_&_shopping
1323,40.893779,-73.85925,retail_&_shopping
1324,40.827126,-73.823091,retail_&_shopping
1325,40.889154,-73.828946,retail_&_shopping
1326,40.82164,-73.930056,retail_&_shopping
1327,40.885958,-73.910473,retail_&_shopping
1328,40.807021,-73.919356,retail_&_shopping
1329,40.906042,-73.905138,retail_&_shopping
1330,40.885285,-73.909352,retail_&_shopping
1331,40.835519,-73.870379,retail_&_shopping
1332,40.864015,-73.879658,Other
1333,40.825899,-73.93035,landmarks
1334,40.848686,-73.831083,retail_&_shopping
1335,40.878787,-73.922159,landmarks
1336,40.836651,-73.870465,retail_&_shopping
1337,40.843347,-73.897448,retail_&_shopping
1338,40.852537,-73.843082,landmarks
1339,40.852267,-73.86815,retail_&_shopping
1340,40.904686,-73.913544,landmarks
1341,40.858206,-73.884915,landmarks
1342,40.854062,-73.842612,landmarks
1343,40.858295,-73.885619,retail_&_shopping
1344,40.896325,-73.86736,retail_&_shopping
1345,40.823156,-73.878542,retail_&_shopping
1346,40.834435,-73.866402,retail_&_shopping
1347,40.827436,-73.871788,retail_&_shopping
1348,40.878443,-73.871301,landmarks
1349,40.835099,-73.830157,retail_&_shopping
1350,40.866506,-73.883603,landmarks
1351,40.803949,-73.921164,retail_&_shopping
1352,40.863013,-73.866269,retail_&_shopping
1353,40.848591,-73.868278,landmarks
1354,40.870223,-73.877786,Other
1355,40.878224,-73.885964,retail_&_shopping
1356,40.854253,-73.860301,landmarks
1357,40.856411,-73.868784,retail_&_shopping
1358,40.858018,-73.867223,landmarks
1359,40.841578,-73.87419,landmarks
1360,40.841497,-73.873137,landmarks
1361,40.861463,-73.890508,landmarks
1362,40.882412,-73.826339,retail_&_shopping
1363,40.859957,-73.902622,retail_&_shopping
1364,40.852657,-73.882258,landmarks
1365,40.861323,-73.889671,landmarks
1366,40.865741,-73.86523,landmarks
1367,40.833064,-73.860927,landmarks
1368,40.854757,-73.888726,landmarks
1369,40.837176,-73.887636,landmarks
1370,40.853244,-73.896986,landmarks
1371,40.804635,-73.921758,retail_&_shopping
1372,40.880458,-73.910003,retail_&_shopping
1373,40.869812,-73.845677,landmarks
1374,40.874016,-73.8774,landmarks
1375,40.861648,-73.897913,landmarks
1376,40.866076,-73.893875,landmarks
1377,40.823459,-73.866918,landmarks
1378,40.827327,-73.886351,landmarks
1379,40.895464,-73.863035,landmarks
1380,40.826564,-73.886586,landmarks
1381,40.873613,-73.886625,landmarks
1382,40.862431,-73.901007,landmarks
1383,40.873313,-73.889854,retail_&_shopping
1384,40.871585,-73.887732,landmarks
1385,40.861613,-73.830453,Other
1386,40.824198,-73.892403,landmarks
1387,40.82584,-73.837436,landmarks
1388,40.87934,-73.884604,landmarks
1389,40.819914,-73.884852,landmarks
1390,40.86167,-73.913499,landmarks
1391,40.819336,-73.9294,retail_&_shopping
1392,40.846139,-73.910419,landmarks
1393,40.86512,-73.82642,landmarks
1394,40.848378,-73.911554,landmarks
1395,40.844359,-73.914422,landmarks
1396,40.885874,-73.878539,landmarks
1397,40.839131,-73.914006,landmarks
1398,40.877975,-73.83288,landmarks
1399,40.839792,-73.917619,landmarks
1400,40.816538,-73.896229,landmarks
1401,40.874251,-73.909725,landmarks
1402,40.879863,-73.903849,landmarks
1403,40.814943,-73.89735,landmarks
1404,40.834428,-73.918248,landmarks
1405,40.835635,-73.921619,landmarks
1406,40.889671,-73.898741,landmarks
1407,40.827693,-73.925824,landmarks
1408,40.900727,-73.860161,landmarks
1409,40.828411,-73.929308,landmarks
1410,40.819573,-73.92451,landmarks
1411,40.890905,-73.817489,retail_&_shopping
1412,40.818317,-73.927087,landmarks
1413,40.905351,-73.854853,landmarks
1414,40.906002,-73.877705,landmarks
1415,40.805137,-73.912988,landmarks
1416,40.813342,-73.929391,landmarks
1417,40.811923,-73.929949,landmarks
1418,40.808802,-73.927513,landmarks
1419,40.8474,-73.901495,retail_&_shopping
1420,40.826878,-73.909651,retail_&_shopping
1421,40.830386,-73.924045,Other
1422,40.570902,-74.145614,cultural
1423,40.57634,-74.138054,cultural
1424,40.628435,-74.088108,cultural
1425,40.581221,-74.166991,entertainment_&_leisure
1426,40.615181,-74.063038,cultural
1427,40.588536,-74.191643,entertainment_&_leisure
1428,40.559453,-74.163793,entertainment_&_leisure
1429,40.637317,-74.07684,Other
1430,40.530566,-74.229999,entertainment_&_leisure
1431,40.581899,-74.165888,cultural
1432,40.601787,-74.148452,Other
1433,40.56809,-74.115729,cultural
1434,40.594281,-74.186668,entertainment_&_leisure
1435,40.607609,-74.123657,Other
1436,40.592241,-74.19015,cultural
1437,40.550403,-74.150832,bars_&_clubs
1438,40.550456,-74.150878,bars_&_clubs
1439,40.611994,-74.1248,entertainment_&_leisure
1440,40.56626994407817,-74.10955846309662,entertainment_&_leisure
1441,40.622388,-74.149548,Other
1442,40.546264,-74.165663,cultural
1443,40.617679,-74.118069,cultural
1444,40.625761,-74.135183,Other
1445,40.613003,-74.06774,entertainment_&_leisure
1446,40.589296,-74.089278,entertainment_&_leisure
1447,40.599912,-74.193096,entertainment_&_leisure
1448,40.630113,-74.141293,Other
1449,40.593029,-74.086733,entertainment_&_leisure
1450,40.538446,-74.177374,Other
1451,40.633361,-74.136986,entertainment_&_leisure
1452,40.633308,-74.136941,entertainment_&_leisure
1453,40.634669,-74.134558,Other
1454,40.617689,-74.096681,cultural
1455,40.544746,-74.199612,bars_&_clubs
1456,40.636792,-74.128111,cultural
1457,40.616757,-74.085709,entertainment_&_leisure
1458,40.630867,-74.101281,cultural
1459,40.552635,-74.218969,entertainment_&_leisure
1460,40.624953,-74.081604,Other
1461,40.628446,-74.080005,retail_&_shopping
1462,40.53533,-74.216162,Other
1463,40.613802,-74.066117,cultural
1464,40.644499,-74.099407,cultural
1465,40.644497,-74.099494,cultural
1466,40.629058,-74.075455,cultural
1467,40.629799,-74.075921,cultural
1468,40.643844,-74.093932,cultural
1469,40.531276,-74.218593,cultural
1470,40.523855,-74.214701,Other
1471,40.640168,-74.078962,cultural
1472,40.52206,-74.215361,entertainment_&_leisure
1473,40.538217,-74.238906,entertainment_&_leisure
1474,40.644649,-74.076705,Other
1475,40.523209,-74.23863,bars_&_clubs
1476,40.581239,-74.166382,entertainment_&_leisure
1477,40.596551,-74.133729,cultural
1478,40.575607,-74.124052,Other
1479,40.597191,-74.182875,Other
1480,40.594281,-74.186668,Other
1481,40.592241,-74.19015,Other
1482,40.61765,-74.13998,Other
1483,40.583583,-74.10284,Other
1484,40.618647,-74.13523,cultural
1485,40.614302,-74.121282,entertainment_&_leisure
1486,40.624841,-74.148563,entertainment_&_leisure
1487,40.579331,-74.095133,Other
1488,40.626285,-74.162132,entertainment_&_leisure
1489,40.556364,-74.103926,entertainment_&_leisure
1490,40.589257,-74.090669,Other
1491,40.6247,-74.125074,entertainment_&_leisure
1492,40.593306,-74.065237,cultural
1493,40.613683,-74.072341,Other
1494,40.626089,-74.075638,cultural
1495,40.627331,-74.075558,Other
1496,40.643674,-74.090394,Other
1497,40.523838,-74.215309,Other
1498,40.646493,-74.084017,cultural
1499,40.581792,-74.167755,restaurants
1500,40.586693,-74.167748,restaurants
1501,40.591273,-74.163896,restaurants
1502,40.612962,-74.130547,retail_&_shopping
1503,40.59149,-74.101254,restaurants
1504,40.59559,-74.085663,retail_&_shopping
1505,40.630328,-74.139429,restaurants
1506,40.610457,-74.146644,restaurants
1507,40.616018,-74.138648,restaurants
1508,40.625966,-74.129833,restaurants
1509,40.545306,-74.165273,restaurants
1510,40.60504,-74.121154,restaurants
1511,40.578667,-74.164052,restaurants
1512,40.56827,-74.126485,restaurants
1513,40.611766,-74.157415,restaurants
1514,40.625716,-74.075492,restaurants
1515,40.612257,-74.132608,restaurants
1516,40.575123,-74.16934,restaurants
1517,40.54273,-74.142459,restaurants
1518,40.630797,-74.101844,entertainment_&_leisure
1519,40.645398,-74.107683,restaurants
1520,40.573062,-74.115067,restaurants
1521,40.575551,-74.127923,restaurants
1522,40.545598,-74.158848,restaurants
1523,40.613918,-74.157507,restaurants
1524,40.570608,-74.110438,restaurants
1525,40.538238,-74.148965,restaurants
1526,40.598106,-74.066913,restaurants
1527,40.640147,-74.075823,bars_&_clubs
1528,40.612133,-74.158132,restaurants
1529,40.542491,-74.17707,restaurants
1530,40.521628,-74.235646,restaurants
1531,40.59834,-74.079768,restaurants
1532,40.636436,-74.077501,restaurants
1533,40.521819,-74.234655,restaurants
1534,40.560386,-74.168793,restaurants
1535,40.522469,-74.23451,restaurants
1536,40.533319,-74.192764,restaurants
1537,40.613319,-74.100725,restaurants
1538,40.631036,-74.102943,restaurants
1539,40.56794,-74.111502,restaurants
1540,40.513417,-74.251366,restaurants
1541,40.628654,-74.073345,restaurants
1542,40.611659,-74.159283,bars_&_clubs
1543,40.614828,-74.176495,restaurants
1544,40.569717,-74.109574,restaurants
1545,40.538483,-74.237178,restaurants
1546,40.543964,-74.140684,restaurants
1547,40.618831,-74.069329,restaurants
1548,40.630302,-74.10605,restaurants
1549,40.59442,-74.087051,retail_&_shopping
1550,40.573216,-74.136224,restaurants
1551,40.532064,-74.239502,restaurants
1552,40.630279,-74.108794,restaurants
1553,40.581107,-74.098994,restaurants
1554,40.618343,-74.069439,restaurants
1555,40.56387,-74.11573,restaurants
1556,40.592246,-74.189976,restaurants
1557,40.607094,-74.160656,restaurants
1558,40.542094,-74.207543,restaurants
1559,40.55341,-74.143565,restaurants
1560,40.588379,-74.102735,restaurants
1561,40.526822,-74.201526,restaurants
1562,40.542111,-74.206935,restaurants
1563,40.569173,-74.111684,restaurants
1564,40.52121,-74.216845,restaurants
1565,40.634545,-74.075767,restaurants
1566,40.577519,-74.102109,restaurants
1567,40.613057,-74.130986,restaurants
1568,40.626884,-74.165687,restaurants
1569,40.516963,-74.233265,restaurants
1570,40.560229,-74.134718,restaurants
1571,40.581292,-74.111538,restaurants
1572,40.604199,-74.120422,restaurants
1573,40.61339,-74.159009,restaurants
1574,40.56732,-74.112476,entertainment_&_leisure
1575,40.612892,-74.129237,restaurants
1576,40.575548,-74.105204,bars_&_clubs
1577,40.644533,-74.073127,restaurants
1578,40.54455,-74.140927,bars_&_clubs
1579,40.544463,-74.160888,restaurants
1580,40.583052,-74.096855,restaurants
1581,40.62456,-74.14707,Other
1582,40.595565,-74.096155,restaurants
1583,40.572007,-74.095178,restaurants
1584,40.585268,-74.092724,restaurants
1585,40.630204,-74.109532,restaurants
1586,40.624377,-74.081013,restaurants
1587,40.618575,-74.068839,restaurants
1588,40.636681,-74.086096,restaurants
1589,40.642213,-74.079046,restaurants
1590,40.52165,-74.236734,restaurants
1591,40.517779,-74.23478,restaurants
1592,40.517328,-74.240976,retail_&_shopping
1593,40.614828,-74.176495,bars_&_clubs
1594,40.626723,-74.131651,bars_&_clubs
1595,40.616568,-74.086703,bars_&_clubs
1596,40.625097,-74.074508,bars_&_clubs
1597,40.627331,-74.075558,bars_&_clubs
1598,40.513624,-74.196428,bars_&_clubs
1599,40.523267,-74.216414,entertainment_&_leisure
1600,40.55542,-74.213914,bars_&_clubs
1601,40.591761,-74.139274,parks_&_outdoor
1602,40.584085,-74.125105,parks_&_outdoor
1603,40.617922,-74.105621,parks_&_outdoor
1604,40.568921,-74.118679,parks_&_outdoor
1605,40.579651,-74.075996,parks_&_outdoor
1606,40.572757,-74.087637,parks_&_outdoor
1607,40.537185,-74.129264,parks_&_outdoor
1608,40.579065,-74.187661,landmarks
1609,40.628137,-74.094893,parks_&_outdoor
1610,40.606462,-74.06081,landmarks
1611,40.54083,-74.14303,parks_&_outdoor
1612,40.503139,-74.253253,parks_&_outdoor
1613,40.619826,-74.133581,parks_&_outdoor
1614,40.606728,-74.060951,parks_&_outdoor
1615,40.522487,-74.185815,parks_&_outdoor
1616,40.625634,-74.091914,parks_&_outdoor
1617,40.626869,-74.076672,parks_&_outdoor
1618,40.510924,-74.209742,parks_&_outdoor
1619,40.568333,-74.099464,parks_&_outdoor
1620,40.595091,-74.137717,landmarks
1621,40.571108,-74.125125,parks_&_outdoor
1622,40.562346,-74.160523,parks_&_outdoor
1623,40.605127,-74.159744,parks_&_outdoor
1624,40.554354,-74.131206,parks_&_outdoor
1625,40.602407,-74.115208,parks_&_outdoor
1626,40.617878,-74.160334,landmarks
1627,40.609783,-74.175842,parks_&_outdoor
1628,40.579795,-74.105425,parks_&_outdoor
1629,40.608751,-74.11948,parks_&_outdoor
1630,40.572352,-74.194464,parks_&_outdoor
1631,40.602606,-74.108161,parks_&_outdoor
1632,40.585956,-74.100806,parks_&_outdoor
1633,40.562601,-74.108015,parks_&_outdoor
1634,40.623461,-74.145934,parks_&_outdoor
1635,40.578531,-74.096754,landmarks
1636,40.542802,-74.141809,parks_&_outdoor
1637,40.625095,-74.143433,parks_&_outdoor
1638,40.541366,-74.148751,parks_&_outdoor
1639,40.541482,-74.142797,parks_&_outdoor
1640,40.563395,-74.098911,landmarks
1641,40.546052,-74.18053,landmarks
1642,40.567206,-74.093586,parks_&_outdoor
1643,40.552026,-74.195449,parks_&_outdoor
1644,40.553939,-74.198033,landmarks
1645,40.536506,-74.146009,parks_&_outdoor
1646,40.553569,-74.197953,parks_&_outdoor
1647,40.537208,-74.162403,parks_&_outdoor
1648,40.610196,-74.096849,landmarks
1649,40.627234,-74.121215,parks_&_outdoor
1650,40.613551,-74.098252,parks_&_outdoor
1651,40.635136,-74.16164,parks_&_outdoor
1652,40.543163,-74.20037,parks_&_outdoor
1653,40.628233,-74.099167,parks_&_outdoor
1654,40.637623,-74.117774,parks_&_outdoor
1655,40.59037,-74.066249,parks_&_outdoor
1656,40.532148,-74.197888,parks_&_outdoor
1657,40.63541456153749,-74.19723875110947,landmarks
1658,40.6419,-74.115164,parks_&_outdoor
1659,40.634189,-74.098107,parks_&_outdoor
1660,40.520963,-74.178966,parks_&_outdoor
1661,40.640762,-74.103915,parks_&_outdoor
1662,40.638889,-74.09961,parks_&_outdoor
1663,40.645243,-74.103622,parks_&_outdoor
1664,40.63719,-74.092959,parks_&_outdoor
1665,40.64553,-74.102981,parks_&_outdoor
1666,40.639375,-74.089955,parks_&_outdoor
1667,40.62875,-74.072959,parks_&_outdoor
1668,40.641475,-74.080367,parks_&_outdoor
1669,40.530281,-74.234204,parks_&_outdoor
1670,40.524964,-74.246665,landmarks
1671,40.509621,-74.230418,parks_&_outdoor
1672,40.51685,-74.242607,parks_&_outdoor
1673,40.501884,-74.237377,parks_&_outdoor
1674,40.500373,-74.235702,parks_&_outdoor
1675,40.498973,-74.244896,parks_&_outdoor
1676,40.596606,-74.133688,parks_&_outdoor
1677,40.594816,-74.126515,parks_&_outdoor
1678,40.59023,-74.18893,parks_&_outdoor
1679,40.557498,-74.12664,parks_&_outdoor
1680,40.61316,-74.125459,parks_&_outdoor
1681,40.629506,-74.115167,parks_&_outdoor
1682,40.637132,-74.170966,parks_&_outdoor
1683,40.601887,-74.072337,landmarks
1684,40.599467,-74.064443,landmarks
1685,40.537576,-74.225873,parks_&_outdoor
1686,40.532532,-74.238218,landmarks
1687,40.516657,-74.04968,landmarks
1688,40.589822,-74.165663,retail_&_shopping
1689,40.580266,-74.166514,retail_&_shopping
1690,40.565149,-74.113082,retail_&_shopping
1691,40.581256,-74.163902,retail_&_shopping
1692,40.572672,-74.168451,retail_&_shopping
1693,40.626236,-74.135508,retail_&_shopping
1694,40.574157,-74.16734,retail_&_shopping
1695,40.624775,-74.156534,retail_&_shopping
1696,40.574818,-74.166846,retail_&_shopping
1697,40.603666,-74.120225,retail_&_shopping
1698,40.587263,-74.166641,retail_&_shopping
1699,40.623412,-74.147675,retail_&_shopping
1700,40.628148,-74.164827,retail_&_shopping
1701,40.516974,-74.243873,retail_&_shopping
1702,40.646471,-74.090597,retail_&_shopping
1703,40.549661,-74.152323,retail_&_shopping
1704,40.62419,-74.131675,retail_&_shopping
1705,40.575888,-74.165195,retail_&_shopping
1706,40.52131,-74.215241,retail_&_shopping
1707,40.570943,-74.110017,retail_&_shopping
1708,40.583824,-74.09619,retail_&_shopping
1709,40.629332,-74.172372,retail_&_shopping
1710,40.611353,-74.156787,retail_&_shopping
1711,40.56649,-74.113269,retail_&_shopping
1712,40.586394,-74.092901,retail_&_shopping
1713,40.529129,-74.234979,retail_&_shopping
1714,40.608098,-74.121587,retail_&_shopping
1715,40.524141,-74.234366,retail_&_shopping
1716,40.623865,-74.139329,retail_&_shopping
1717,40.547429,-74.22396,retail_&_shopping
1718,40.585802,-74.166883,retail_&_shopping
1719,40.599035,-74.081886,retail_&_shopping
1720,40.521898,-74.235615,retail_&_shopping
1721,40.62674,-74.157533,retail_&_shopping
1722,40.613432,-74.123467,retail_&_shopping
1723,40.525584,-74.201515,retail_&_shopping
1724,40.610089,-74.159521,retail_&_shopping
1725,40.588391,-74.164861,retail_&_shopping
1726,40.540661,-74.147068,retail_&_shopping
1727,40.595406,-74.086483,retail_&_shopping
1728,40.545914,-74.160993,retail_&_shopping
1729,40.530227,-74.232375,retail_&_shopping
1730,40.576131,-74.166119,retail_&_shopping
1731,40.622901,-74.148568,retail_&_shopping
1732,40.64363,-74.076533,retail_&_shopping
1733,40.612909,-74.128628,retail_&_shopping
1734,40.604873,-74.083041,retail_&_shopping
1735,40.58615,-74.091977,retail_&_shopping
1736,40.613588,-74.119858,retail_&_shopping
1737,40.615773,-74.066938,retail_&_shopping
1738,40.517279,-74.235323,retail_&_shopping
1739,40.56904,-74.110677,Other
1740,40.587701,-74.166399,retail_&_shopping
1741,40.542879,-74.206447,retail_&_shopping
1742,40.580103,-74.166551,retail_&_shopping
1743,40.627632,-74.162146,retail_&_shopping
1744,40.549631,-74.151495,retail_&_shopping
1745,40.581953,-74.154616,Other
1746,40.60118,-74.177169,retail_&_shopping
1747,40.61326,-74.083648,retail_&_shopping
1748,40.601409,-74.191637,retail_&_shopping
1749,40.593895,-74.162615,retail_&_shopping
1750,40.578472,-74.168962,retail_&_shopping
1751,40.528952,-74.228144,retail_&_shopping
1752,40.600526,-74.162421,retail_&_shopping
1753,40.596986,-74.070394,retail_&_shopping
1754,40.611198,-74.156563,retail_&_shopping
1755,40.598755,-74.082267,retail_&_shopping
1756,40.616158,-74.156427,retail_&_shopping
1757,40.565479,-74.112835,retail_&_shopping
1758,40.564198,-74.110562,retail_&_shopping
1759,40.613955,-74.176893,Other
1760,40.613662,-74.117247,retail_&_shopping
1761,40.624641,-74.148032,retail_&_shopping
1762,40.625093,-74.15661,retail_&_shopping
1763,40.638109,-74.075478,retail_&_shopping
1764,40.627975,-74.167085,retail_&_shopping
1765,40.595044,-74.08207,Other
1766,40.633903,-74.123544,restaurants
1767,40.605177,-74.083751,Other
1768,40.630835,-74.106247,retail_&_shopping
1769,40.536987,-74.23498,retail_&_shopping
1770,40.530115,-74.231288,retail_&_shopping
1771,40.631741,-74.075827,retail_&_shopping
1772,40.509314,-74.246357,retail_&_shopping
1773,40.546139,-74.160655,retail_&_shopping
1774,40.640647,-74.13468,Other
1775,40.614716,-74.177002,Other
1776,40.593844,-74.086462,retail_&_shopping
1777,40.551091,-74.151253,landmarks
1778,40.612793,-74.132718,retail_&_shopping
1779,40.544621,-74.164766,landmarks
1780,40.588424,-74.167475,retail_&_shopping
1781,40.599996,-74.09181,retail_&_shopping
1782,40.613091,-74.178816,Other
1783,40.560694,-74.169328,retail_&_shopping
1784,40.578067,-74.101784,retail_&_shopping
1785,40.619357,-74.069786,retail_&_shopping
1786,40.553102,-74.14303,retail_&_shopping
1787,40.606849,-74.161691,retail_&_shopping
1788,40.626864,-74.160184,retail_&_shopping
1789,40.585787,-74.148598,Other
1790,40.586315,-74.150841,landmarks
1791,40.622168,-74.168534,retail_&_shopping
1792,40.582146,-74.157279,Other
1793,40.512155,-74.252222,landmarks
1794,40.578092,-74.167204,landmarks
1795,40.636042,-74.076178,retail_&_shopping
1796,40.601062,-74.134181,landmarks
1797,40.623067,-74.08353,retail_&_shopping
1798,40.603673,-74.131374,Other
1799,40.606794,-74.163605,landmarks
1800,40.573856,-74.11745,landmarks
1801,40.560586,-74.171195,landmarks
1802,40.581689,-74.110814,landmarks
1803,40.533321,-74.192677,landmarks
1804,40.578177,-74.101701,retail_&_shopping
1805,40.557998,-74.206718,retail_&_shopping
1806,40.544134,-74.164875,landmarks
1807,40.583208,-74.09512,entertainment_&_leisure
1808,40.625145,-74.143566,retail_&_shopping
1809,40.552205,-74.19115,entertainment_&_leisure
1810,40.588138,-74.090231,Other
1811,40.586494,-74.089336,Other
1812,40.596134,-74.087383,landmarks
1813,40.629391,-74.115424,retail_&_shopping
1814,40.629339,-74.111544,Other
1815,40.579545,-74.077863,landmarks
1816,40.543259,-74.198938,retail_&_shopping
1817,40.636161,-74.171011,landmarks
1818,40.613648,-74.087105,retail_&_shopping
1819,40.605324,-74.076571,Other
1820,40.615967,-74.08315,landmarks
1821,40.598618,-74.071724,landmarks
1822,40.633822,-74.091991,landmarks
1823,40.616249,-74.073056,landmarks
1824,40.525913,-74.205008,landmarks
1825,40.643585,-74.09549,landmarks
1826,40.645701,-74.09305,Other
1827,40.637276,-74.076359,Other
1828,40.53793,-74.237675,landmarks
1829,40.644113,-74.072761,Other
1830,40.6439,-74.072665,landmarks
1831,40.644113,-74.072761,landmarks
1832,40.531129,-74.23833,landmarks
1833,40.527968,-74.239668,retail_&_shopping
1834,40.504177,-74.243564,landmarks
1835,40.589792,-74.146026,landmarks
1836,40.570781,-74.134729,Other
1837,40.564945,-74.131697,landmarks
1838,40.612261,-74.130561,retail_&_shopping
1839,40.624931,-74.149177,retail_&_shopping
1840,40.632332,-74.137161,retail_&_shopping
1841,40.631381,-74.125094,landmarks
1842,40.631381,-74.125094,landmarks
1843,40.62469,-74.081375,landmarks
1844,40.532058,-74.206538,entertainment_&_leisure
1845,40.636143,-74.076443,retail_&_shopping
1846,40.647861,-74.085206,landmarks
1847,40.524356,-74.234376,retail_&_shopping
1848,40.728509,-74.042956,landmarks
1849,40.954084,-73.896321,cultural
1850,40.964795,-73.858382,entertainment_&_leisure
1851,40.982542,-73.824534,entertainment_&_leisure
1852,40.967002,-73.869255,entertainment_&_leisure
1853,40.966239,-73.856943,entertainment_&_leisure
1854,40.919365,-73.864831,entertainment_&_leisure
1855,40.9296,-73.895368,cultural
1856,40.933639,-73.900123,cultural
1857,40.934805,-73.898983,bars_&_clubs
1858,40.934308,-73.90142,cultural
1859,40.934966,-73.899033,cultural
1860,40.934731,-73.895604,bars_&_clubs
1861,40.934731,-73.895604,Other
1862,40.935768,-73.89937,cultural
1863,40.934325,-73.902867,cultural
1864,40.934375,-73.903,Other
1865,40.936159,-73.903024,cultural
1866,40.9258,-73.893868,entertainment_&_leisure
1867,40.924808,-73.89668,cultural
1868,40.938191,-73.901828,cultural
1869,40.921541,-73.895462,entertainment_&_leisure
1870,40.941757,-73.901962,cultural
1871,40.942387,-73.884049,Other
1872,40.945185,-73.882531,Other
1873,40.928181,-73.870941,Other
1874,40.913106,-73.880992,entertainment_&_leisure
1875,40.954181,-73.89633,cultural
1876,40.955188,-73.888867,Other
1877,40.908735,-73.878639,bars_&_clubs
1878,40.953525,-73.877927,Other
1879,40.94885,-73.868412,cultural
1880,40.94784,-73.865656,cultural
1881,40.919327,-73.851637,cultural
1882,40.908771,-73.85638,entertainment_&_leisure
1883,40.910103,-73.855026,cultural
1884,40.934159,-73.84674,cultural
1885,40.970581,-73.885622,cultural
1886,40.935245,-73.844456,cultural
1887,40.934567,-73.84351,Other
1888,40.972218,-73.887131,cultural
1889,40.967943,-73.847484,entertainment_&_leisure
1890,40.966177,-73.857247,entertainment_&_leisure
1891,40.965424,-73.857044,entertainment_&_leisure
1892,40.960321,-73.84304,cultural
1893,40.974321,-73.826565,cultural
1894,40.957612,-73.830572,Other
1895,40.970031,-73.835669,entertainment_&_leisure
1896,40.975298,-73.832788,Other
1897,40.978469,-73.831498,entertainment_&_leisure
1898,40.978481,-73.822546,entertainment_&_leisure
1899,40.985889,-73.82483,Other
1900,40.928763,-73.894285,bars_&_clubs
1901,40.926251,-73.895243,Other
1902,40.936558,-73.88984,Other
1903,40.922535,-73.902951,Other
1904,40.928679,-73.885076,Other
1905,40.935628,-73.884018,entertainment_&_leisure
1906,40.934476,-73.880512,cultural
1907,40.947273,-73.877082,Other
1908,40.909656,-73.886868,Other
1909,40.916237,-73.872868,Other
1910,40.956472,-73.895626,cultural
1911,40.919424,-73.864614,entertainment_&_leisure
1912,40.928353,-73.855955,entertainment_&_leisure
1913,40.917737,-73.858767,cultural
1914,40.964564,-73.881933,Other
1915,40.919498,-73.853396,Other
1916,40.903416,-73.866963,Other
1917,40.954723,-73.858803,entertainment_&_leisure
1918,40.934005,-73.846428,cultural
1919,40.9722,-73.887832,Other
1920,40.944905,-73.843139,Other
1921,40.965332,-73.856427,entertainment_&_leisure
1922,40.94725,-73.840242,Other
1923,40.979294,-73.830957,entertainment_&_leisure
1924,40.934433,-73.902871,entertainment_&_leisure
1925,40.934754,-73.90091,restaurants
1926,40.924994,-73.895766,restaurants
1927,40.928517,-73.853769,restaurants
1928,40.962158,-73.855741,restaurants
1929,40.903391,-73.865866,restaurants
1930,40.971974,-73.881988,restaurants
1931,40.966121,-73.857289,restaurants
1932,40.909217,-73.878788,restaurants
1933,40.953428,-73.843974,restaurants
1934,40.929162,-73.851819,restaurants
1935,40.965351,-73.838879,restaurants
1936,40.927875,-73.843005,restaurants
1937,40.974289,-73.864118,restaurants
1938,40.903593,-73.8664,restaurants
1939,40.964527,-73.856178,retail_&_shopping
1940,40.972135,-73.882038,bars_&_clubs
1941,40.947824,-73.874602,restaurants
1942,40.959496,-73.88543,restaurants
1943,40.971856,-73.882335,restaurants
1944,40.920798,-73.861684,restaurants
1945,40.966296,-73.869361,restaurants
1946,40.908826,-73.875137,restaurants
1947,40.982419,-73.827207,restaurants
1948,40.907607,-73.872112,restaurants
1949,40.914218,-73.852678,restaurants
1950,40.929328,-73.851694,restaurants
1951,40.985681,-73.826622,restaurants
1952,40.912865,-73.896453,restaurants
1953,40.965709,-73.856485,restaurants
1954,40.957854,-73.843189,restaurants
1955,40.932096,-73.895023,restaurants
1956,40.980538,-73.830958,restaurants
1957,40.920967,-73.865591,restaurants
1958,40.976573,-73.830965,restaurants
1959,40.964101,-73.83881,restaurants
1960,40.927094,-73.852358,restaurants
1961,40.968688,-73.868922,restaurants
1962,40.932704,-73.898685,restaurants
1963,40.928704,-73.854915,restaurants
1964,40.932497,-73.896266,restaurants
1965,40.927927,-73.842215,restaurants
1966,40.936439,-73.902639,entertainment_&_leisure
1967,40.936396,-73.900182,restaurants
1968,40.934652,-73.8924,restaurants
1969,40.928351,-73.89142,Other
1970,40.941042,-73.900356,retail_&_shopping
1971,40.921089,-73.896234,restaurants
1972,40.96466,-73.871977,restaurants
1973,40.959523,-73.842528,restaurants
1974,40.918076,-73.901864,restaurants
1975,40.910473,-73.882472,restaurants
1976,40.948714,-73.896521,restaurants
1977,40.925965,-73.868843,restaurants
1978,40.947848,-73.875787,bars_&_clubs
1979,40.924923,-73.867314,restaurants
1980,40.929335,-73.8577,restaurants
1981,40.913591,-73.853926,restaurants
1982,40.908843,-73.878643,restaurants
1983,40.919528,-73.864793,restaurants
1984,40.922166,-73.863136,restaurants
1985,40.935752,-73.860477,restaurants
1986,40.905506,-73.869756,restaurants
1987,40.940009,-73.854757,restaurants
1988,40.90306,-73.866117,restaurants
1989,40.953246,-73.857346,restaurants
1990,40.904998,-73.858038,restaurants
1991,40.927987,-73.842834,restaurants
1992,40.953388,-73.845552,restaurants
1993,40.985194,-73.824498,restaurants
1994,40.959836,-73.842978,restaurants
1995,40.959834,-73.843066,restaurants
1996,40.974724,-73.834083,restaurants
1997,40.974649,-73.832764,restaurants
1998,40.978581,-73.831297,restaurants
1999,40.981768,-73.829422,restaurants
2000,40.983474,-73.826148,restaurants
2001,40.985681,-73.826622,restaurants
2002,40.934243,-73.897018,restaurants
2003,40.974927,-73.832467,restaurants
2004,40.933396,-73.876263,restaurants
2005,40.943606,-73.83897,restaurants
2006,40.933064,-73.872392,bars_&_clubs
2007,40.934474,-73.901294,bars_&_clubs
2008,40.965974,-73.885934,parks_&_outdoor
2009,40.908792,-73.87851,parks_&_outdoor
2010,40.943034,-73.865348,parks_&_outdoor
2011,40.975403,-73.883256,parks_&_outdoor
2012,40.947884,-73.861842,parks_&_outdoor
2013,40.979509,-73.814025,parks_&_outdoor
2014,40.985501,-73.848429,parks_&_outdoor
2015,40.924661,-73.873266,parks_&_outdoor
2016,40.936161,-73.902936,parks_&_outdoor
2017,40.925455,-73.892584,parks_&_outdoor
2018,40.938299,-73.901832,parks_&_outdoor
2019,40.923932,-73.895025,parks_&_outdoor
2020,40.936411,-73.889265,parks_&_outdoor
2021,40.925818,-73.889046,parks_&_outdoor
2022,40.921679,-73.894328,parks_&_outdoor
2023,40.919746,-73.895877,parks_&_outdoor
2024,40.941772,-73.891043,parks_&_outdoor
2025,40.919209,-73.89989,parks_&_outdoor
2026,40.938573,-73.885136,parks_&_outdoor
2027,40.920741,-73.888857,parks_&_outdoor
2028,40.918369,-73.892714,parks_&_outdoor
2029,40.91769,-73.904216,parks_&_outdoor
2030,40.93155,-73.882815,parks_&_outdoor
2031,40.912573,-73.891096,parks_&_outdoor
2032,40.944941,-73.883574,landmarks
2033,40.948524,-73.889277,parks_&_outdoor
2034,40.923671,-73.875991,parks_&_outdoor
2035,40.949987,-73.8892,landmarks
2036,40.923686,-73.873318,parks_&_outdoor
2037,40.952485,-73.896782,parks_&_outdoor
2038,40.910454,-73.891499,parks_&_outdoor
2039,40.92346,-73.8716,parks_&_outdoor
2040,40.954874,-73.896751,parks_&_outdoor
2041,40.937274,-73.866452,parks_&_outdoor
2042,40.912133,-73.869814,parks_&_outdoor
2043,40.946096,-73.870329,parks_&_outdoor
2044,40.906855,-73.880235,parks_&_outdoor
2045,40.959045,-73.884053,parks_&_outdoor
2046,40.947815,-73.86241,parks_&_outdoor
2047,40.907784,-73.873608,parks_&_outdoor
2048,40.920455,-73.860312,parks_&_outdoor
2049,40.94375,-73.860682,parks_&_outdoor
2050,40.95121,-73.86499,parks_&_outdoor
2051,40.926256,-73.855484,parks_&_outdoor
2052,40.907938,-73.865595,parks_&_outdoor
2053,40.96192,-73.877492,parks_&_outdoor
2054,40.954924,-73.865697,landmarks
2055,40.962263,-73.876802,parks_&_outdoor
2056,40.965974,-73.885934,parks_&_outdoor
2057,40.966793,-73.885657,parks_&_outdoor
2058,40.922875,-73.850319,parks_&_outdoor
2059,40.943229,-73.851542,parks_&_outdoor
2060,40.92282,-73.850361,parks_&_outdoor
2061,40.953451,-73.857792,landmarks
2062,40.902473,-73.86373,parks_&_outdoor
2063,40.907673,-73.857041,parks_&_outdoor
2064,40.943314,-73.848212,landmarks
2065,40.933761,-73.84541,parks_&_outdoor
2066,40.968684,-73.877434,landmarks
2067,40.9708,-73.889667,parks_&_outdoor
2068,40.924267,-73.844509,parks_&_outdoor
2069,40.971733,-73.870395,parks_&_outdoor
2070,40.933649,-73.835016,parks_&_outdoor
2071,40.946443,-73.83409,landmarks
2072,40.94889,-73.833241,parks_&_outdoor
2073,40.975502,-73.843809,parks_&_outdoor
2074,40.971289,-73.828782,parks_&_outdoor
2075,40.979501,-73.837679,parks_&_outdoor
2076,40.970493,-73.821821,parks_&_outdoor
2077,40.925922,-73.895407,Other
2078,40.936323,-73.890533,parks_&_outdoor
2079,40.919521,-73.90034,parks_&_outdoor
2080,40.920396,-73.889634,landmarks
2081,40.918289,-73.893719,parks_&_outdoor
2082,40.918289,-73.893719,parks_&_outdoor
2083,40.943375,-73.883472,parks_&_outdoor
2084,40.910911,-73.892611,landmarks
2085,40.947273,-73.877082,entertainment_&_leisure
2086,40.938878,-73.865064,parks_&_outdoor
2087,40.965972,-73.886021,parks_&_outdoor
2088,40.965974,-73.885934,Other
2089,40.936884,-73.848023,parks_&_outdoor
2090,40.952064,-73.854978,landmarks
2091,40.949397,-73.847205,parks_&_outdoor
2092,40.949397,-73.847205,parks_&_outdoor
2093,40.976774,-73.882561,parks_&_outdoor
2094,40.971507,-73.835064,parks_&_outdoor
2095,40.966881,-73.823447,Other
2096,40.961598,-73.85651,retail_&_shopping
2097,40.924884,-73.856266,retail_&_shopping
2098,40.974275,-73.864169,retail_&_shopping
2099,40.964384,-73.855427,retail_&_shopping
2100,40.959836,-73.842978,retail_&_shopping
2101,40.92847,-73.856118,retail_&_shopping
2102,40.963759,-73.856589,retail_&_shopping
2103,40.92823,-73.854416,retail_&_shopping
2104,40.962545,-73.855448,retail_&_shopping
2105,40.920723,-73.895739,retail_&_shopping
2106,40.925121,-73.855486,retail_&_shopping
2107,40.963881,-73.856067,retail_&_shopping
2108,40.961781,-73.855683,retail_&_shopping
2109,40.905001,-73.857951,retail_&_shopping
2110,40.97483,-73.861513,retail_&_shopping
2111,40.91358,-73.858571,retail_&_shopping
2112,40.966765,-73.857488,retail_&_shopping
2113,40.928631,-73.855658,retail_&_shopping
2114,40.926245,-73.851713,retail_&_shopping
2115,40.981817,-73.827493,retail_&_shopping
2116,40.977395,-73.829045,retail_&_shopping
2117,40.959815,-73.856401,retail_&_shopping
2118,40.981879,-73.827188,retail_&_shopping
2119,40.974885,-73.861471,retail_&_shopping
2120,40.925594,-73.855985,retail_&_shopping
2121,40.933019,-73.901108,retail_&_shopping
2122,40.977262,-73.832156,retail_&_shopping
2123,40.913824,-73.855381,retail_&_shopping
2124,40.974927,-73.832467,retail_&_shopping
2125,40.965769,-73.873027,retail_&_shopping
2126,40.96537,-73.871696,retail_&_shopping
2127,40.93297,-73.900887,retail_&_shopping
2128,40.972632,-73.8355,Other
2129,40.98204,-73.827237,retail_&_shopping
2130,40.953334,-73.851866,retail_&_shopping
2131,40.953426,-73.858756,retail_&_shopping
2132,40.957659,-73.843514,retail_&_shopping
2133,40.981431,-73.827786,retail_&_shopping
2134,40.935183,-73.888649,retail_&_shopping
2135,40.98579,-73.824475,retail_&_shopping
2136,40.939346,-73.886611,retail_&_shopping
2137,40.941049,-73.883517,retail_&_shopping
2138,40.953401,-73.845026,retail_&_shopping
2139,40.982645,-73.826864,retail_&_shopping
2140,40.909332,-73.87647,retail_&_shopping
2141,40.953472,-73.877881,retail_&_shopping
2142,40.927921,-73.857999,retail_&_shopping
2143,40.929023,-73.855102,retail_&_shopping
2144,40.936117,-73.854703,retail_&_shopping
2145,40.964329,-73.880564,retail_&_shopping
2146,40.965764,-73.873202,retail_&_shopping
2147,40.966755,-73.872537,retail_&_shopping
2148,40.963403,-73.855742,retail_&_shopping
2149,40.974888,-73.861383,retail_&_shopping
2150,40.974883,-73.861559,retail_&_shopping
2151,40.974927,-73.832467,Other
2152,40.981842,-73.826528,retail_&_shopping
2153,40.933092,-73.898305,Other
2154,40.970551,-73.888824,retail_&_shopping
2155,40.972348,-73.882133,retail_&_shopping
2156,40.965321,-73.856865,Other
2157,40.95674,-73.841375,retail_&_shopping
2158,40.979174,-73.865095,retail_&_shopping
2159,40.927492,-73.853687,Other
2160,40.935637,-73.902302,landmarks
2161,40.912867,-73.848466,landmarks
2162,40.970643,-73.87698,Other
2163,40.955307,-73.86343,Other
2164,40.972764,-73.889038,landmarks
2165,40.936226,-73.856768,retail_&_shopping
2166,40.93395,-73.900661,Other
2167,40.934396,-73.902212,Other
2168,40.935312,-73.894047,landmarks
2169,40.92634,-73.858511,retail_&_shopping
2170,40.956578,-73.874925,retail_&_shopping
2171,40.912935,-73.850046,landmarks
2172,40.913887,-73.857136,retail_&_shopping
2173,40.906017,-73.858382,retail_&_shopping
2174,40.938718,-73.883738,retail_&_shopping
2175,40.959619,-73.8703,retail_&_shopping
2176,40.982262,-73.829132,landmarks
2177,40.971837,-73.878911,retail_&_shopping
2178,40.927163,-73.858059,retail_&_shopping
2179,40.933434,-73.872713,retail_&_shopping
2180,40.933717,-73.872241,landmarks
2181,40.910621,-73.889226,retail_&_shopping
2182,40.926514,-73.868512,retail_&_shopping
2183,40.949446,-73.878785,Other
2184,40.908676,-73.874649,landmarks
2185,40.906697,-73.871772,Other
2186,40.958205,-73.872661,Other
2187,40.944905,-73.85783,Other
2188,40.958204,-73.870599,retail_&_shopping
2189,40.954353,-73.864755,retail_&_shopping
2190,40.961149,-73.867592,landmarks
2191,40.904918,-73.859043,retail_&_shopping
2192,40.968357,-73.87751,landmarks
2193,40.973194,-73.878742,Other
2194,40.970222,-73.868189,landmarks
2195,40.977589,-73.85942,landmarks
2196,40.960157,-73.841016,retail_&_shopping
2197,40.969536,-73.835959,Other
2198,40.929377,-73.897684,landmarks
2199,40.929444,-73.897204,Other
2200,40.935637,-73.902302,landmarks
2201,40.920712,-73.898237,landmarks
2202,40.918289,-73.893719,retail_&_shopping
2203,40.951585,-73.890136,landmarks
2204,40.949449,-73.878697,Other
2205,40.947804,-73.875391,Other
2206,40.950941,-73.879542,landmarks
2207,40.956635,-73.874796,retail_&_shopping
2208,40.910616,-73.862363,Other
2209,40.95966,-73.870784,landmarks
2210,40.920893,-73.853798,retail_&_shopping
2211,40.903421,-73.866788,landmarks
2212,40.903156,-73.866559,entertainment_&_leisure
2213,40.966265,-73.87265,retail_&_shopping
2214,40.927734,-73.842167,entertainment_&_leisure
2215,40.963666,-73.858121,landmarks
2216,40.960321,-73.84304,entertainment_&_leisure
2217,40.959484,-73.841957,retail_&_shopping
2218,40.984465,-73.827632,landmarks
